density,density_level,target_long_fraction_pct,model_key,distserve_variant,distserve_decode_replay_mode,distserve_decode_batch_size,distserve_decode_batch_alpha,cucumis_variant,cucumis_dispatcher,comparison_scope,distserve_all_ttft_p99_ms,cucumis2_all_ttft_p99_ms,distserve_vs_cucumis2_all_ttft_p99_ms_ratio,distserve_short_ttft_p99_ms,cucumis2_short_ttft_p99_ms,distserve_vs_cucumis2_short_ttft_p99_ms_ratio,distserve_long_ttft_p99_ms,cucumis2_long_ttft_p99_ms,distserve_vs_cucumis2_long_ttft_p99_ms_ratio,distserve_all_completion_p99_ms,cucumis2_all_completion_p99_ms,distserve_vs_cucumis2_all_completion_p99_ms_ratio,distserve_short_completion_p99_ms,cucumis2_short_completion_p99_ms,distserve_vs_cucumis2_short_completion_p99_ms_ratio,distserve_long_completion_p99_ms,cucumis2_long_completion_p99_ms,distserve_vs_cucumis2_long_completion_p99_ms_ratio,distserve_round_wall_ms,cucumis2_round_wall_ms,distserve_vs_cucumis2_round_wall_ms_ratio,distserve_throughput_rps,cucumis2_throughput_rps,distserve_vs_cucumis2_throughput_rps_ratio
mid_l10,mid,10,baichuan2-7b-chat,DistServe-2A100,continuous_batching,16,0.08,CUCUMIS-2A100-RR,round_robin,equal_resource_2xa100_real_split,322.4765970726665,476.25423817255063,0.6771101886884011,294.3297056398428,153.4490520687541,1.9180939971396238,318.8035670001916,503.63231322320644,0.6330085632509843,23606.261819447547,4909.261499184067,4.808515868093597,23611.49700514926,4665.897401863185,5.060440676582542,17922.539127831526,4992.793954111985,3.5896813072109275,28979.688859689486,10167.733842985803,2.8501620230432256,1.3806221135879528,3.934080028992965,0.3509390005829039
mid_l10,mid,10,baichuan2-7b-chat,DistServe-2A100,continuous_batching,16,0.08,CUCUMIS-2A100-LB,least_backlog,equal_resource_2xa100_real_split,322.4765970726665,466.14704708568746,0.6917915689668386,294.3297056398428,145.08717399876332,2.02864042029209,318.8035670001916,492.324932529591,0.6475470688883506,23606.261819447547,4822.453168914944,4.8950733148869485,23611.49700514926,4537.563952301571,5.203562363715644,17922.539127831526,4839.103403456102,3.7036900503161796,28979.688859689486,10109.553126485895,2.866564772657058,1.3806221135879528,3.9566582433247657,0.34893640761548844
mid_l30,mid,30,baichuan2-7b-chat,DistServe-2A100,continuous_batching,16,0.08,CUCUMIS-2A100-RR,round_robin,equal_resource_2xa100_real_split,567.4334766672112,474.3525601390865,1.1962272882027496,551.5947070085892,145.14335224870592,3.8003442697356276,564.2464911618025,491.2670671162778,1.1485534629339427,23668.619570457235,4911.238754324731,4.819276918601271,23696.406022121777,4609.016751343152,5.141314796744059,19163.6249152936,4914.602167951525,3.8993237418607305,28958.520691790894,10122.515411012915,2.860802825776399,1.38128628617276,3.9515887372614706,0.34955213662493095
mid_l30,mid,30,baichuan2-7b-chat,DistServe-2A100,continuous_batching,16,0.08,CUCUMIS-2A100-LB,least_backlog,equal_resource_2xa100_real_split,567.4334766672112,505.8419009606587,1.1217605255507346,551.5947070085892,152.24730977672152,3.6230177585241483,564.2464911618025,506.5023725159699,1.11400562322936,23668.619570457235,4903.421800871147,4.826959729683513,23696.406022121777,4643.220431805239,5.103441968812333,19163.6249152936,4917.263734856388,3.897213155245432,28958.520691790894,10123.360996496967,2.860563868246084,1.38128628617276,3.951304188628815,0.3495773092205526
mid_l50,mid,50,baichuan2-7b-chat,DistServe-2A100,continuous_batching,16,0.08,CUCUMIS-2A100-RR,round_robin,equal_resource_2xa100_real_split,727.0991018979555,631.768677427608,1.1508945091398124,565.2560708350077,262.0990444786729,2.1566506354852537,759.3830423871138,643.2209741239784,1.1805943415034623,23277.111825294665,5643.468747327861,4.124610743404258,18836.886074712056,5378.980368279736,3.5019436370868045,23321.9052031779,5656.47831202863,4.123043334857899,28660.361999797642,10509.45297250931,2.7271031208539194,1.3956789168344028,3.806100272825673,0.3666952567695338
mid_l50,mid,50,baichuan2-7b-chat,DistServe-2A100,continuous_batching,16,0.08,CUCUMIS-2A100-LB,least_backlog,equal_resource_2xa100_real_split,727.0991018979555,560.1194870559266,1.2981142750803034,565.2560708350077,156.67374182317872,3.607854540634851,759.3830423871138,567.304866250488,1.3385801666150623,23277.111825294665,5135.184287074953,4.532867862966904,18836.886074712056,4948.573610737221,3.8065284173686975,23321.9052031779,5151.571821458638,4.527143561510987,28660.361999797642,10188.771022002089,2.8129361174087797,1.3956789168344028,3.9258905814685896,0.3555063208899495
mid_l70,mid,70,baichuan2-7b-chat,DistServe-2A100,continuous_batching,16,0.08,CUCUMIS-2A100-RR,round_robin,equal_resource_2xa100_real_split,1793.9979611320437,557.2596826805966,3.219321291112147,575.2870551438918,147.6418113950058,3.8965049921038277,1816.513497539345,564.0462007845053,3.220504800870641,23086.085704730016,5057.086571810942,4.565096004766019,17620.094041272412,4784.9444482746185,3.6824030522707454,23092.252719457894,5060.200957253983,4.563505069172066,28491.799318453126,10448.15896051154,2.7269683995177436,1.4039238506146798,3.828429269346904,0.36671014451160977
mid_l70,mid,70,baichuan2-7b-chat,DistServe-2A100,continuous_batching,16,0.08,CUCUMIS-2A100-LB,least_backlog,equal_resource_2xa100_real_split,1793.9979611320437,579.4632080110023,3.0959652594509177,575.2870551438918,157.45008996105753,3.653774064442763,1816.513497539345,584.8060160066234,3.1061812769018635,23086.085704730016,5553.041477244988,4.157376781594587,17620.094041272412,5266.039792908414,3.3459857377076334,23092.252719457894,5560.697069783637,4.152762222013363,28491.799318453126,10882.68878149251,2.6180845460643236,1.4039238506146798,3.6761407912668176,0.38190154575958996
mid_l90,mid,90,baichuan2-7b-chat,DistServe-2A100,continuous_batching,16,0.08,CUCUMIS-2A100-RR,round_robin,equal_resource_2xa100_real_split,2977.393523367942,587.2243315397645,5.070282962493908,341.0978633059822,155.0388698891038,2.200079654540585,2984.9792976485382,587.2720368191949,5.082788061587091,23211.59512215967,5510.853887851699,4.211977961043033,10032.862090017119,5322.812414424261,1.8848798922218486,23213.59904537112,5511.942415611702,4.211509717449567,28569.732117617867,10994.751511969702,2.598488204714289,1.4000841971010445,3.638109169411405,0.3848384234515861
mid_l90,mid,90,baichuan2-7b-chat,DistServe-2A100,continuous_batching,16,0.08,CUCUMIS-2A100-LB,least_backlog,equal_resource_2xa100_real_split,2977.393523367942,568.6887972604018,5.2355410159497096,341.0978633059822,142.57648651633644,2.392385109496292,2984.9792976485382,569.3761583592277,5.242543534401507,23211.59512215967,5226.940671353368,4.440761160610167,10032.862090017119,4869.115084883524,2.060510362789488,23213.59904537112,5227.833257213933,4.440386275392099,28569.732117617867,10432.402692981163,2.7385572584194198,1.4000841971010445,3.8342098515908813,0.36515586034502645
high_l10,high,10,baichuan2-7b-chat,DistServe-2A100,continuous_batching,16,0.08,CUCUMIS-2A100-RR,round_robin,equal_resource_2xa100_real_split,460.83748360094694,521.7110914457588,0.8833193143812225,461.4360252818583,174.08423113374738,2.650648035589973,429.5915916910441,577.8489824011922,0.7434322890141993,24349.93970884571,5219.553398701828,4.665138537504351,24353.838647365606,5055.538620565494,4.817258946118282,18336.04807607873,5305.21389825386,3.456231629437937,28413.32853605303,8973.211436989932,3.1664614988259205,1.4077908375661234,4.461746860985896,0.3155245874381697
high_l10,high,10,baichuan2-7b-chat,DistServe-2A100,continuous_batching,16,0.08,CUCUMIS-2A100-LB,least_backlog,equal_resource_2xa100_real_split,460.83748360094694,479.73353323264746,0.960611363761939,461.4360252818583,161.1649665312143,2.8631286017888242,429.5915916910441,480.7106362338527,0.8936594269198974,24349.93970884571,5252.076818892674,4.636249725300011,24353.838647365606,5064.056767201691,4.809155933064926,18336.04807607873,5361.891626316647,3.4196976279945224,28413.32853605303,9230.628549531359,3.0781575039649476,1.4077908375661234,4.333399915407371,0.3248698170138264
high_l30,high,30,baichuan2-7b-chat,DistServe-2A100,continuous_batching,16,0.08,CUCUMIS-2A100-RR,round_robin,equal_resource_2xa100_real_split,1402.5981609221146,504.84652330051176,2.7782664556198458,1382.6570118938685,147.05517198570305,9.402301144690734,1375.9693581175432,505.4595687368419,2.722214482072484,25168.55354946952,5048.1022149155615,4.98574562834808,25185.20514491113,4802.616359075764,5.244059333891471,19987.543615943225,5067.978513589478,3.943888783732574,29194.48274746549,8760.582079473208,3.3324820751204025,1.3716329082191234,4.565906876703294,0.3004075521596005
high_l30,high,30,baichuan2-7b-chat,DistServe-2A100,continuous_batching,16,0.08,CUCUMIS-2A100-LB,least_backlog,equal_resource_2xa100_real_split,1402.5981609221146,496.4717364651733,2.8251319418673586,1382.6570118938685,148.5176891979063,9.30971266359671,1375.9693581175432,497.52272401965456,2.7656412294108312,25168.55354946952,4856.449205112876,5.182501141569037,25185.20514491113,4595.668750437035,5.480204625826457,19987.543615943225,4862.024350349093,4.110950948756174,29194.48274746549,8695.445758040416,3.35744521440666,1.3716329082191234,4.600109248857532,0.2981739854460582
high_l50,high,50,baichuan2-7b-chat,DistServe-2A100,continuous_batching,16,0.08,CUCUMIS-2A100-RR,round_robin,equal_resource_2xa100_real_split,1936.3868272941434,606.3906629214762,3.193299214016581,1321.0005286613,292.3512640481929,4.5185387959996595,1974.2490235947325,608.8416478125146,3.2426313651307224,24293.504812880085,5343.866228054976,4.546054069493852,19449.732606865684,5233.78302534431,3.7161900890200092,24316.820447166596,5312.66910698323,4.577138149862069,28389.36958892873,9307.400128981355,3.050193308067845,1.4089920535115201,4.300007152082625,0.3276720255753766
high_l50,high,50,baichuan2-7b-chat,DistServe-2A100,continuous_batching,16,0.08,CUCUMIS-2A100-LB,least_backlog,equal_resource_2xa100_real_split,1936.3868272941434,566.7612116414239,3.4165831879815527,1321.0005286613,176.64865426835598,7.478123929857404,1974.2490235947325,572.300246443192,3.449673551364968,24293.504812880085,4967.056674552732,4.8909256335529205,19449.732606865684,4713.480414864607,4.126405733124144,24316.820447166596,4984.896325560403,4.87809953488509,28389.36958892873,8975.27978199909,3.163062353317022,1.4089920535115201,4.456686506891087,0.31615238167030296
high_l70,high,70,baichuan2-7b-chat,DistServe-2A100,continuous_batching,16,0.08,CUCUMIS-2A100-RR,round_robin,equal_resource_2xa100_real_split,3103.4479480538075,591.8167049996555,5.243934349665939,1035.8205344601156,170.96231681265635,6.058765193239553,3126.8476089914025,595.674598379992,5.249254572035197,24077.080917032225,5078.853807663545,4.740652483578484,18079.527649247586,4823.009368813073,3.7485989071791708,24079.787363729087,5081.912739304826,4.738331529679719,28250.448122993643,8699.034359996422,3.247538399538551,1.4159171526317533,4.598220186780289,0.3079272186013323
high_l70,high,70,baichuan2-7b-chat,DistServe-2A100,continuous_batching,16,0.08,CUCUMIS-2A100-LB,least_backlog,equal_resource_2xa100_real_split,3103.4479480538075,646.9746942623169,4.796861416028599,1035.8205344601156,164.39414079592098,6.300836084821198,3126.8476089914025,650.2626792647061,4.808591525700246,24077.080917032225,5692.616488306667,4.22952801519117,18079.527649247586,5451.037284521444,3.3167132612696517,24079.787363729087,5696.9898548250785,4.22675623045645,28250.448122993643,8836.03711700235,3.197185316099904,1.4159171526317533,4.526917454933227,0.31277732954656634
high_l90,high,90,baichuan2-7b-chat,DistServe-2A100,continuous_batching,16,0.08,CUCUMIS-2A100-RR,round_robin,equal_resource_2xa100_real_split,4331.884408019986,600.1792660114006,7.217650880891478,491.829240339262,141.5483250573743,3.474638362127613,4339.779488640212,600.8280931928311,7.222996956714194,24305.824363396925,5341.953007126285,4.549988427635438,10262.483275892995,5066.561568735051,2.025532135881098,24306.79383547792,5341.984742805653,4.550142878676924,28378.158097699023,9073.41347348758,3.1276165448229274,1.4096078071441953,4.408484371172088,0.3197488498228296
high_l90,high,90,baichuan2-7b-chat,DistServe-2A100,continuous_batching,16,0.08,CUCUMIS-2A100-LB,least_backlog,equal_resource_2xa100_real_split,4331.884408019986,601.031712651602,7.207414046271856,491.829240339262,147.68335173401283,3.330295761604043,4339.779488640212,602.0088296121685,7.208830294791562,24305.824363396925,5330.621874317876,4.559660192837666,10262.483275892995,5067.468107293826,2.0251697807671962,24306.79383547792,5331.424481977592,4.559155609845902,28378.158097699023,9122.513427507347,3.110782825720995,1.4096078071441953,4.384756494962499,0.3214791536915783
mid_l10,mid,10,gemma-2-9b-it,DistServe-2A100,continuous_batching,16,0.08,CUCUMIS-2A100-RR,round_robin,equal_resource_2xa100_real_split,890.8752980195723,844.5948432220029,1.0547960423497453,892.1351466793166,266.23751761508174,3.350899432472695,775.2957689557971,896.5307978037163,0.8647731576595967,40689.54485019983,8821.366697574267,4.612612336066791,40692.80496656746,8671.256817622634,4.692838168956926,30505.07878803624,8885.70806208998,3.4330498565649745,46098.83300015323,14333.407092474277,3.216181100748706,0.8677043750506807,2.7907852820663717,0.31091764050303766
mid_l10,mid,10,gemma-2-9b-it,DistServe-2A100,continuous_batching,16,0.08,CUCUMIS-2A100-LB,least_backlog,equal_resource_2xa100_real_split,890.8752980195723,734.4809983475716,1.2129317164417528,892.1351466793166,276.0179342236369,3.2321636968577754,775.2957689557971,738.0147815778037,1.050515231278011,40689.54485019983,8282.740698475973,4.91257016625991,40692.80496656746,7991.850010919734,5.091787872766193,30505.07878803624,8454.238042961806,3.6082587967146096,46098.83300015323,13628.384087480714,3.382560449151156,0.8677043750506807,2.9350695112643996,0.29563333056356883
mid_l30,mid,30,gemma-2-9b-it,DistServe-2A100,continuous_batching,16,0.08,CUCUMIS-2A100-RR,round_robin,equal_resource_2xa100_real_split,2395.985238484839,838.4783103322843,2.857539913626774,2392.865176911947,260.2137972583296,9.195765951397298,2339.6695170223056,858.4655899537029,2.725408617890537,40730.623863576395,8643.486434421211,4.712291061321463,40747.719459945365,8148.567208546738,5.000599297654016,32232.16204849639,8643.96591188939,3.7288626976377226,46168.77083840779,13557.766297496033,3.4053375626436817,0.866398719663415,2.950340967629546,0.2936605392967592
mid_l30,mid,30,gemma-2-9b-it,DistServe-2A100,continuous_batching,16,0.08,CUCUMIS-2A100-LB,least_backlog,equal_resource_2xa100_real_split,2395.985238484839,760.2792708636844,3.1514541173310926,2392.865176911947,251.78706737526227,9.5035269358995,2339.6695170223056,769.2493136276607,3.0414970485820603,40730.623863576395,8551.402791041764,4.763034189693974,40747.719459945365,8105.386768078315,5.027239368813752,32232.16204849639,8560.066297226003,3.7654103285323415,46168.77083840779,13652.97988899551,3.381589309716955,0.866398719663415,2.929766404507049,0.2957227983536769
mid_l50,mid,50,gemma-2-9b-it,DistServe-2A100,continuous_batching,16,0.08,CUCUMIS-2A100-RR,round_robin,equal_resource_2xa100_real_split,3380.5240023217157,860.8840025213431,3.9268054609226004,2427.8696223227366,249.00270463171182,9.750374502613072,3436.4113893219705,872.4345212228944,3.9388759909513222,40615.33275419912,8657.518810818729,4.691336356491056,32182.61583760202,8166.564180848945,3.940777923851021,40629.55367034001,8686.71166731423,4.677207581692637,46239.99095996942,14096.70605398283,3.2801982805695906,0.8650528963944463,2.8375436426089307,0.30485976793614644
mid_l50,mid,50,gemma-2-9b-it,DistServe-2A100,continuous_batching,16,0.08,CUCUMIS-2A100-LB,least_backlog,equal_resource_2xa100_real_split,3380.5240023217157,871.9791211863048,3.876840534579086,2427.8696223227366,297.57225793960964,8.158924622655707,3436.4113893219705,878.4419492795132,3.9119390782059886,40615.33275419912,8631.414447661955,4.705524569637697,32182.61583760202,8055.55606919399,3.995083090622954,40629.55367034001,8640.902571154293,4.702003446488637,46239.99095996942,13982.996273013174,3.3068728659544466,0.8650528963944463,2.860620172975981,0.30240047405332676
mid_l70,mid,70,gemma-2-9b-it,DistServe-2A100,continuous_batching,16,0.08,CUCUMIS-2A100-RR,round_robin,equal_resource_2xa100_real_split,4910.399056980339,1004.3427838699425,4.889166463724213,1771.4890229469909,281.5018506179331,6.292992458338524,4944.481840681935,1034.5257297472563,4.7794672462036445,40850.314199380206,8828.304057174246,4.627198376361261,30606.549855727866,8221.017669627909,3.7229636385288476,40864.99449736098,8857.344402651652,4.613684716282128,46443.72135131125,13759.786697528752,3.375322770058093,0.8612803122520543,2.907416101656836,0.296235654662998
mid_l70,mid,70,gemma-2-9b-it,DistServe-2A100,continuous_batching,16,0.08,CUCUMIS-2A100-LB,least_backlog,equal_resource_2xa100_real_split,4910.399056980339,1044.6984162958688,4.700302958619271,1771.4890229469909,270.40766679216176,6.551178980840718,4944.481840681935,1057.4274943579803,4.675953544865966,40850.314199380206,9517.149966905708,4.292284385706889,30606.549855727866,8892.4891710456,3.441842803180954,40864.99449736098,9532.844353080145,4.286757759152665,46443.72135131125,14537.282618525782,3.1948007457820946,0.8612803122520543,2.751549369046498,0.3130164851632359
mid_l90,mid,90,gemma-2-9b-it,DistServe-2A100,continuous_batching,16,0.08,CUCUMIS-2A100-RR,round_robin,equal_resource_2xa100_real_split,6700.622089647466,1038.933766814298,6.449518057530952,893.019920816067,287.0445898323669,3.111084313895579,6712.029966707584,1040.6371952936752,6.449923178859085,46186.5849937383,9752.016780718113,4.736105980155752,18933.591314571702,9194.106045810622,2.0593183524567857,46186.83998526742,9761.043351617991,4.73175236719049,51738.693864517205,15015.704334493825,3.4456388266558995,0.7731235373513606,2.6638961312278346,0.29022285376983337
mid_l90,mid,90,gemma-2-9b-it,DistServe-2A100,continuous_batching,16,0.08,CUCUMIS-2A100-LB,least_backlog,equal_resource_2xa100_real_split,6700.622089647466,918.9035429613432,7.291975464642811,893.019920816067,253.1598751799902,3.5274939213062604,6712.029966707584,920.5822140414966,7.29107065542875,46186.5849937383,9204.75818428502,5.01768586084001,18933.591314571702,8622.750317147584,2.1957717222681867,46186.83998526742,9206.930841846042,5.016529479655209,51738.693864517205,14253.548666469618,3.6298815877500403,0.7731235373513606,2.8123460297675242,0.2749034184158587
high_l10,high,10,gemma-2-9b-it,DistServe-2A100,continuous_batching,16,0.08,CUCUMIS-2A100-RR,round_robin,equal_resource_2xa100_real_split,2347.955081324826,774.1143504134379,3.0330855900950984,2348.6577506232384,279.73164346767584,8.396110363161812,1671.3546720783056,804.9985349713825,2.076220762485887,46293.969836090575,8417.435838607198,5.499771037607418,46294.764255242495,7968.9539543454885,5.809390356685127,34497.40136817579,8438.921786835708,4.087892060095876,50527.2898156171,12175.374311019224,4.149957818536041,0.7923449606552111,3.2853206120377534,0.24117736264520956
high_l10,high,10,gemma-2-9b-it,DistServe-2A100,continuous_batching,16,0.08,CUCUMIS-2A100-LB,least_backlog,equal_resource_2xa100_real_split,2347.955081324826,723.3214283152483,3.2460742754347196,2348.6577506232384,245.94505025888793,9.54952233497272,1671.3546720783056,726.230732507538,2.3014100027238347,46293.969836090575,8154.3034982305835,5.677243905152167,46294.764255242495,7875.851254956797,5.878064828370917,34497.40136817579,8317.518428522744,4.147559354948468,50527.2898156171,12107.999847535068,4.173050086873216,0.7923449606552111,3.3036011676150747,0.2398428019769766
high_l30,high,30,gemma-2-9b-it,DistServe-2A100,continuous_batching,16,0.08,CUCUMIS-2A100-RR,round_robin,equal_resource_2xa100_real_split,3898.9676760930797,936.867941385717,4.1617046585307795,3901.288355611183,322.4528256856138,12.098787930656483,3767.3190248614774,973.9147525868611,3.8682225675860464,48082.13699250027,8672.665458833508,5.544101432337207,48085.45393665636,8163.4642036719015,5.890324589777422,38009.91304391838,8683.536600373627,4.377238767241785,52330.12656100758,12120.479258496762,4.317496482189253,0.7644255421990347,3.3002064597848033,0.23162961212095823
high_l30,high,30,gemma-2-9b-it,DistServe-2A100,continuous_batching,16,0.08,CUCUMIS-2A100-LB,least_backlog,equal_resource_2xa100_real_split,3898.9676760930797,726.7211273536668,5.365149751860185,3901.288355611183,262.87043454445666,14.84110741617615,3767.3190248614774,727.3152698509512,5.1797606636713605,48082.13699250027,8432.20286353695,5.702203536921533,48085.45393665636,7973.147312593064,6.03092506025927,38009.91304391838,8449.501432928664,4.498479980817501,52330.12656100758,12172.889509997587,4.298907545166567,0.7644255421990347,3.286005113777129,0.23263066116180164
high_l50,high,50,gemma-2-9b-it,DistServe-2A100,continuous_batching,16,0.08,CUCUMIS-2A100-RR,round_robin,equal_resource_2xa100_real_split,5308.743313098247,960.371684760612,5.52780074354393,3882.17474953182,455.2650764767893,8.527284323179892,5369.5003319954085,975.6496979566872,5.503512524260302,45903.628297986,8692.582808079023,5.280781248965778,36486.61614500922,8253.382269885624,4.420807730927366,45909.154097985986,8701.563117768674,5.2759663380754045,50137.798607986,12418.753757522465,4.037264896859382,0.7986367722795464,3.221630814116023,0.24789829076013567
high_l50,high,50,gemma-2-9b-it,DistServe-2A100,continuous_batching,16,0.08,CUCUMIS-2A100-LB,least_backlog,equal_resource_2xa100_real_split,5308.743313098247,924.4625490304315,5.742518524591409,3882.17474953182,320.9046256035799,12.097596730586085,5369.5003319954085,936.0065500281052,5.7366055096881325,45903.628297986,8598.25147168216,5.338716650608198,36486.61614500922,8055.856975821371,4.529203566364094,45909.154097985986,8603.3870515725,5.336172117188992,50137.798607986,12501.37261449967,4.010583489834857,0.7986367722795464,3.199650758481258,0.249601232310312
high_l70,high,70,gemma-2-9b-it,DistServe-2A100,continuous_batching,16,0.08,CUCUMIS-2A100-RR,round_robin,equal_resource_2xa100_real_split,6327.955385641698,867.7446955561754,7.292416096632933,2327.1445850516175,251.10135455266573,9.267750025472383,6362.935343880117,878.4129156931886,7.243672343841719,42255.771549147474,8730.451410517853,4.84004429578986,31279.489837465546,8327.090526198735,3.756352802825171,42257.81822133377,8737.132639900374,4.83657739477967,46505.93501990328,12558.138344486924,3.703250732248827,0.8601370634592924,3.1851892305073983,0.27004268858534136
high_l70,high,70,gemma-2-9b-it,DistServe-2A100,continuous_batching,16,0.08,CUCUMIS-2A100-LB,least_backlog,equal_resource_2xa100_real_split,6327.955385641698,960.1255906606093,6.590757966661196,2327.1445850516175,261.43746779009234,8.90134304284219,6362.935343880117,962.6407613791525,6.609875250622144,42255.771549147474,9260.129545070813,4.563194428704327,31279.489837465546,8770.512960851484,3.566437901304781,42257.81822133377,9269.560419053887,4.558772618221618,46505.93501990328,12933.67987350107,3.5957233729888505,0.8601370634592924,3.094514857879154,0.27795538330321445
high_l90,high,90,gemma-2-9b-it,DistServe-2A100,continuous_batching,16,0.08,CUCUMIS-2A100-RR,round_robin,equal_resource_2xa100_real_split,7907.483718887824,903.5424841797794,8.751645724845028,1007.6667305620281,271.4174651430221,3.7126082878677056,7919.07688226756,903.6364680607221,8.763564953573141,42538.83867532328,9176.945254812017,4.635402903054002,17149.654444635264,8648.713479596481,1.9829139310827772,42539.973429187434,9180.760823190212,4.633600008588968,46747.02606710025,12975.991137001241,3.602578452277173,0.8556871370031991,3.083108259578565,0.2775404121294671
high_l90,high,90,gemma-2-9b-it,DistServe-2A100,continuous_batching,16,0.08,CUCUMIS-2A100-LB,least_backlog,equal_resource_2xa100_real_split,7907.483718887824,1029.8964516090928,7.677940541044981,1007.6667305620281,271.64687699405476,3.7094729072997286,7919.07688226756,1030.3744424687466,7.685630151397862,42538.83867532328,9653.656351729005,4.4065002031799505,17149.654444635264,9117.950771498727,1.8808671898341867,42539.973429187434,9655.8786567286,4.405603564575026,46747.02606710025,13547.821375489259,3.450519812113485,0.8556871370031991,2.9525175367198093,0.2898161065467713
mid_l10,mid,10,gemma-7b-it,DistServe-2A100,continuous_batching,16,0.08,CUCUMIS-2A100-RR,round_robin,equal_resource_2xa100_real_split,570.6533198886468,593.1634865366505,0.9620506535568542,570.8261285688645,191.38709690741956,2.982573735600329,556.2876800325095,618.3815201933612,0.899586520403398,25957.836839421398,5674.723960732808,4.574290664892415,25961.10793572896,5451.31760143413,4.762354688139823,19847.352205504416,5736.075626214733,3.4600924915980906,31321.131503741075,10748.859246507385,2.9139028417288295,1.2782398212693653,3.7213442845567046,0.34348872975122546
mid_l10,mid,10,gemma-7b-it,DistServe-2A100,continuous_batching,16,0.08,CUCUMIS-2A100-LB,least_backlog,equal_resource_2xa100_real_split,570.6533198886468,557.6754397663171,1.0232713854635016,570.8261285688645,162.77380916435504,3.506867176601447,556.2876800325095,570.6759390453226,0.9747873389635402,25957.836839421398,5230.778060977173,4.962519253698208,25961.10793572896,5184.021194229717,5.007909297250947,19847.352205504416,5250.934898956912,3.779774951970373,31321.131503741075,10738.950788493134,2.916591398975578,1.2782398212693653,3.7247681982599476,0.3431729850642798
mid_l30,mid,30,gemma-7b-it,DistServe-2A100,continuous_batching,16,0.08,CUCUMIS-2A100-RR,round_robin,equal_resource_2xa100_real_split,1670.8607662952454,695.859784730128,2.40114575229153,1621.1338417733334,174.0103348271805,9.31630781231111,1652.1643924024193,699.4989459885983,2.3619254923499904,24590.232950555124,5822.579867161985,4.223253868828558,24617.298912848324,5530.892762429139,4.450872575232599,20043.108436784554,5865.472522856144,3.417134486383158,30002.04198052483,10502.001575498485,2.8567927518236695,1.3332458105693523,3.811031856008929,0.3498385374205669
mid_l30,mid,30,gemma-7b-it,DistServe-2A100,continuous_batching,16,0.08,CUCUMIS-2A100-LB,least_backlog,equal_resource_2xa100_real_split,1670.8607662952454,582.6765754222288,2.867561245420718,1621.1338417733334,169.04207028419478,9.59012060753794,1652.1643924024193,583.5490195846069,2.831234972476682,24590.232950555124,5591.300195523072,4.397945395642396,24617.298912848324,5205.902639111446,4.728728257017511,20043.108436784554,5595.328824736644,3.5821144859574767,30002.04198052483,10706.34957197621,2.8022662419929714,1.3332458105693523,3.7361014199465545,0.35685482290478737
mid_l50,mid,50,gemma-7b-it,DistServe-2A100,continuous_batching,16,0.08,CUCUMIS-2A100-RR,round_robin,equal_resource_2xa100_real_split,2542.341147311752,618.2523341706838,4.1121416075557855,1652.2672652619908,165.30060706660151,9.99553053423617,2596.566530911737,628.5556494756019,4.13100500023829,25609.8462286195,5742.871796337422,4.459414581560475,20944.51288201032,5375.372612260107,3.8963834496310525,25629.58599611172,5773.683241030667,4.439035694576233,31168.25375704213,10469.101126519257,2.9771661750491543,1.2847130314884216,3.821591986513263,0.33617221200543856
mid_l50,mid,50,gemma-7b-it,DistServe-2A100,continuous_batching,16,0.08,CUCUMIS-2A100-LB,least_backlog,equal_resource_2xa100_real_split,2542.341147311752,667.4342938646441,3.8091257381919,1652.2672652619908,192.30008171231015,8.592129813724465,2596.566530911737,670.5463267693995,3.8723148979454405,25609.8462286195,5755.316295537923,4.449772160823676,20944.51288201032,5364.575426223164,3.9042256316556148,25629.58599611172,5761.484206047899,4.448434653211066,31168.25375704213,10766.103643034927,2.8950356406058066,1.2847130314884216,3.7153650258460984,0.3457837985100413
mid_l70,mid,70,gemma-7b-it,DistServe-2A100,continuous_batching,16,0.08,CUCUMIS-2A100-RR,round_robin,equal_resource_2xa100_real_split,4615.830713718029,827.5889767799526,5.577443445027097,1244.0218160966292,229.27496441174304,5.425894708078789,4653.507322698429,833.3491674624383,5.584102683954715,25306.43431249691,6478.288991172158,3.9063453864101323,19157.924829829877,6001.97074400814,3.1919390558435374,25312.113343816047,6489.6301545147435,3.9003938192389547,30915.212285072885,11212.212900527851,2.7572801693426148,1.293898439605182,3.567541685865379,0.3626862847129762
mid_l70,mid,70,gemma-7b-it,DistServe-2A100,continuous_batching,16,0.08,CUCUMIS-2A100-LB,least_backlog,equal_resource_2xa100_real_split,4615.830713718029,837.3815741727594,5.512219107851711,1244.0218160966292,176.261312229326,7.057826816119955,4653.507322698429,843.5773191938642,5.516396916817765,25306.43431249691,6209.010482115555,4.0757596376088605,19157.924829829877,5859.308371025254,3.2696563513481114,25312.113343816047,6221.481536235078,4.068502525707669,30915.212285072885,10723.386246491333,2.882971066643083,1.293898439605182,3.730165929031944,0.34687423139403767
mid_l90,mid,90,gemma-7b-it,DistServe-2A100,continuous_batching,16,0.08,CUCUMIS-2A100-RR,round_robin,equal_resource_2xa100_real_split,6575.923315834958,915.8971994373132,7.179761352993452,649.9480545134861,147.1054086269578,4.4182471642608245,6588.6080775351775,917.9408552372478,7.177595419077745,25088.548812797184,6360.526764079696,3.9444136851183025,10811.74852112883,6015.296312569117,1.7973758829697886,25090.06574191565,6361.925420019543,3.943784952738188,30605.41772858639,10572.756527499632,2.8947434520961504,1.3070419778572593,3.784191318822554,0.3453953216783827
mid_l90,mid,90,gemma-7b-it,DistServe-2A100,continuous_batching,16,0.08,CUCUMIS-2A100-LB,least_backlog,equal_resource_2xa100_real_split,6575.923315834958,1025.616791267821,6.4116767313316885,649.9480545134861,163.83745224942686,3.967029794408682,6588.6080775351775,1025.9574835465173,6.421911417576251,25088.548812797184,6779.905136217421,3.7004277063962494,10811.74852112883,6406.674054538598,1.6875758668368028,25090.06574191565,6782.040423476428,3.6994863161040628,30605.41772858639,11241.692675494465,2.7224919424547616,1.3070419778572593,3.558185013137464,0.367333900016841
high_l10,high,10,gemma-7b-it,DistServe-2A100,continuous_batching,16,0.08,CUCUMIS-2A100-RR,round_robin,equal_resource_2xa100_real_split,799.0039905509035,584.7965387476142,1.366293980231194,800.5241305915422,181.25332434865413,4.416603852471555,741.6137584733148,626.8125216232147,1.1831508352015798,25937.905780762398,5119.9023343552835,5.066093860172939,25941.349731509064,4901.572102899081,5.292454989321857,19286.91860273433,5166.11198296072,3.7333527934253024,30073.519118727076,8870.836181510496,3.3901560690985795,1.3300803380165513,4.509158105498468,0.2949730985025012
high_l10,high,10,gemma-7b-it,DistServe-2A100,continuous_batching,16,0.08,CUCUMIS-2A100-LB,least_backlog,equal_resource_2xa100_real_split,799.0039905509035,537.5376190035604,1.4864150197190409,800.5241305915422,150.5987244701828,5.315610297549624,741.6137584733148,538.2009730045684,1.3779494940954329,25937.905780762398,5079.046028537268,5.106845977576687,25941.349731509064,4788.707675795013,5.417192171205633,19286.91860273433,5137.312933595676,3.754281440907893,30073.519118727076,8876.845095978608,3.3878612044667755,1.3300803380165513,4.506130713402403,0.295171272786328
high_l30,high,30,gemma-7b-it,DistServe-2A100,continuous_batching,16,0.08,CUCUMIS-2A100-RR,round_robin,equal_resource_2xa100_real_split,2549.7069521074245,870.0325537010212,2.9305879892209274,2532.3411086636474,260.30643199395854,9.728307861107407,2511.710338807132,878.4341050396324,2.859304214621552,25651.808152985508,5853.981966811989,4.3819417788461665,25668.323909045834,5560.755599609693,4.6159777118864,20755.280920314628,5897.520752182754,3.5193230837946285,29771.99757164965,8850.126073494577,3.364019599767557,1.3435882800674976,4.519709637441314,0.2972731409418872
high_l30,high,30,gemma-7b-it,DistServe-2A100,continuous_batching,16,0.08,CUCUMIS-2A100-LB,least_backlog,equal_resource_2xa100_real_split,2549.7069521074245,562.3205035252613,4.5342592633968986,2532.3411086636474,173.18892301729647,14.621842231854176,2511.710338807132,563.9546204885119,4.453745474469957,25651.808152985508,5209.379645308072,4.924157941932549,25668.323909045834,4870.490846595785,5.270171881543855,20755.280920314628,5221.036130129651,3.9753183856628906,29771.99757164965,8893.683044475294,3.347544253912202,1.3435882800674976,4.497585102738736,0.2987354879064634
high_l50,high,50,gemma-7b-it,DistServe-2A100,continuous_batching,16,0.08,CUCUMIS-2A100-RR,round_robin,equal_resource_2xa100_real_split,3874.028043459064,747.6896176708397,5.181331868064742,2522.9372691427693,216.68775420985176,11.643192659145033,3930.2079436623744,756.6519188822713,5.1942086520682995,25628.603384207938,6083.526852341602,4.212787089834784,21010.99268564053,5778.079146220116,3.636328294219616,25634.129184207937,6113.358511134284,4.193133633095523,29862.773694207935,9310.70981900569,3.2073573631571994,1.339460318997223,4.296269932543375,0.3117728494783538
high_l50,high,50,gemma-7b-it,DistServe-2A100,continuous_batching,16,0.08,CUCUMIS-2A100-LB,least_backlog,equal_resource_2xa100_real_split,3874.028043459064,770.4719778851722,5.0281232214216,2522.9372691427693,260.5540785007179,9.682969783701997,3930.2079436623744,790.6922717872657,4.970591067974659,25628.603384207938,6033.4132414421765,4.24777855562267,21010.99268564053,5674.676838170853,3.7025884089662284,25634.129184207937,6048.865124047152,4.237841092257113,29862.773694207935,9768.059690985958,3.057185832081425,1.339460318997223,4.095088287995974,0.32708948496265966
high_l70,high,70,gemma-7b-it,DistServe-2A100,continuous_batching,16,0.08,CUCUMIS-2A100-RR,round_robin,equal_resource_2xa100_real_split,5909.80488329821,819.2137398672639,7.213996293880236,1761.312303348721,222.07552112580743,7.931141147028647,5947.947887936925,826.2831797424587,7.198437574138711,25783.90176998923,6115.23394574062,4.216339390899055,19221.35037461054,5767.0357823887025,3.3329688075299355,25784.120895518347,6124.178630901733,4.210216985738356,30035.63792795887,9658.940212512645,3.1096204414899775,1.331807959712962,4.143444547904597,0.3214253127597611
high_l70,high,70,gemma-7b-it,DistServe-2A100,continuous_batching,16,0.08,CUCUMIS-2A100-LB,least_backlog,equal_resource_2xa100_real_split,5909.80488329821,913.7717688910197,6.467484643863011,1761.312303348721,171.45841479097726,10.272533462390365,5947.947887936925,916.7259404750075,6.488250877743197,25783.90176998923,6337.366915198218,4.06855120036596,19221.35037461054,6032.6200606892235,3.1862358612411126,25784.120895518347,6343.60326330032,4.064585981391263,30035.63792795887,9872.547964499081,3.042339022911279,1.331807959712962,4.051638974685541,0.32870844812038746
high_l90,high,90,gemma-7b-it,DistServe-2A100,continuous_batching,16,0.08,CUCUMIS-2A100-RR,round_robin,equal_resource_2xa100_real_split,8143.31011981835,960.622539051983,8.477117482434673,885.7912772029299,221.54387675691396,3.9982656716567817,8155.666056158676,961.7477768901153,8.480046694290932,28998.505874291717,6533.094291637535,4.4387092210516945,11966.559923221736,6206.283613183477,1.9281361711866012,29002.101604971052,6535.2574249583995,4.437790238256095,33254.07481839505,9535.548547971086,3.4873793207702395,1.2028716428401935,4.194864908695715,0.28674860073484354
high_l90,high,90,gemma-7b-it,DistServe-2A100,continuous_batching,16,0.08,CUCUMIS-2A100-LB,least_backlog,equal_resource_2xa100_real_split,8143.31011981835,977.2346634409041,8.333013987802325,885.7912772029299,154.44167608977295,5.735442010406843,8155.666056158676,978.0642376004835,8.338579147078555,28998.505874291717,6419.558717256878,4.517211719917562,11966.559923221736,6066.9707165966975,1.9724110239210857,29002.101604971052,6421.064799895976,4.516712182291152,33254.07481839505,9465.381209999443,3.5132314357571452,1.2028716428401935,4.226001128294594,0.28463590196096644
mid_l10,mid,10,mistral-7b-instruct-v0.2,DistServe-2A100,continuous_batching,16,0.08,CUCUMIS-2A100-RR,round_robin,equal_resource_2xa100_real_split,410.3714057319965,471.52792360488087,0.8703013865958641,389.9231454267035,149.4306187116308,2.6093925648475826,398.51971056977993,496.544377959508,0.8025862908919659,27430.46865237291,4940.679794572352,5.551962440979683,27436.751248460023,4637.237518635811,5.916615471646447,20690.15890077033,4969.9067023725365,4.16308798933655,32760.395099937923,10245.95373148482,3.1973983055641186,1.2209904742316682,3.9039816223269996,0.312755179801253
mid_l10,mid,10,mistral-7b-instruct-v0.2,DistServe-2A100,continuous_batching,16,0.08,CUCUMIS-2A100-LB,least_backlog,equal_resource_2xa100_real_split,410.3714057319965,526.5521450908273,0.7793556812140795,389.9231454267035,162.19069285871228,2.4041030872614484,398.51971056977993,554.6121539405431,0.7185556748770836,27430.46865237291,5573.690169300244,4.921419709236673,27436.751248460023,5209.53247697762,5.266643670945655,20690.15890077033,5602.683557361888,3.6929015692102762,32760.395099937923,10866.45997453748,3.0148176293570104,1.2209904742316682,3.6810518541190156,0.3316960810713402
mid_l30,mid,30,mistral-7b-instruct-v0.2,DistServe-2A100,continuous_batching,16,0.08,CUCUMIS-2A100-RR,round_robin,equal_resource_2xa100_real_split,936.0458020761058,485.96551629365416,1.9261568376602298,895.0490564781088,166.18235804053256,5.385945096890505,918.0365500256272,505.8750952093397,1.814749448469544,27465.940837864815,5416.211143282708,5.0710616907778086,27491.817520410237,5272.4670999799855,5.214222677750724,21874.353044681375,5455.763452042593,4.009402760394936,32811.50966510936,10915.215034487534,3.006034197351006,1.2190851987644704,3.664611068647076,0.33266427894476125
mid_l30,mid,30,mistral-7b-instruct-v0.2,DistServe-2A100,continuous_batching,16,0.08,CUCUMIS-2A100-LB,least_backlog,equal_resource_2xa100_real_split,936.0458020761058,580.8012394353864,1.6116456689831842,895.0490564781088,167.00424545735586,5.359438941369053,918.0365500256272,581.7542288187542,1.5780487782438484,27465.940837864815,5574.827987075259,4.926778171728732,27491.817520410237,5258.628652567277,5.227944267749094,21874.353044681375,5575.324765871919,3.9234222154340217,32811.50966510936,10901.982409980024,3.0096828660329384,1.2190851987644704,3.6690640592109194,0.3322605381347991
mid_l50,mid,50,mistral-7b-instruct-v0.2,DistServe-2A100,continuous_batching,16,0.08,CUCUMIS-2A100-RR,round_robin,equal_resource_2xa100_real_split,1125.8439612019436,668.5704887239262,1.6839570100540886,817.650274441639,239.27401416702185,3.4172130111500105,1163.9680340940563,668.660289128311,1.7407464642643067,27420.495421465755,5335.89144534868,5.138878049209252,21807.290319307256,4986.926501689595,4.372891862737267,27463.61063110466,5351.59883644752,5.13185152146708,32823.90336385016,10530.160962500719,3.117132157878723,1.2186242027090808,3.7986124055975914,0.32080772466107105
mid_l50,mid,50,mistral-7b-instruct-v0.2,DistServe-2A100,continuous_batching,16,0.08,CUCUMIS-2A100-LB,least_backlog,equal_resource_2xa100_real_split,1125.8439612019436,613.4644287527772,1.8352228889470827,817.650274441639,167.6678454488865,4.87660751083546,1163.9680340940563,620.7772596512223,1.8750171917509035,27420.495421465755,5738.84843657841,4.778048370591623,21807.290319307256,5339.512742285151,4.084134896169269,27463.61063110466,5739.207006270299,4.785262249836892,32823.90336385016,11136.851536996306,2.9473234203410255,1.2186242027090808,3.5917016270436184,0.33928881885217954
mid_l70,mid,70,mistral-7b-instruct-v0.2,DistServe-2A100,continuous_batching,16,0.08,CUCUMIS-2A100-RR,round_robin,equal_resource_2xa100_real_split,2331.764286457281,590.9994535840815,3.945459293264035,764.8529476116087,172.7957074844744,4.426342290246592,2355.7398092164176,597.4480927846162,3.9430033130353914,25959.052455287354,5245.3900562552735,4.948926996254637,19817.592466302733,4948.99882533733,4.004363946267847,25967.99583234226,5247.070784177631,4.9490462203498184,31427.08079624051,10581.768755464918,2.9699270058240597,1.2770034645351527,3.7801493258973817,0.3378182591323957
mid_l70,mid,70,mistral-7b-instruct-v0.2,DistServe-2A100,continuous_batching,16,0.08,CUCUMIS-2A100-LB,least_backlog,equal_resource_2xa100_real_split,2331.764286457281,585.3688167201472,3.9834104924178932,764.8529476116087,166.29456983675482,4.5993861877897535,2355.7398092164176,589.8325698790723,3.9939127296741046,25959.052455287354,5620.728358129272,4.618449923441455,19817.592466302733,5303.247579429299,3.7368786143745103,25967.99583234226,5621.091872091638,4.619742289086521,31427.08079624051,11126.335927007352,2.8245669555919513,1.2770034645351527,3.5950743810392582,0.3552091915733879
mid_l90,mid,90,mistral-7b-instruct-v0.2,DistServe-2A100,continuous_batching,16,0.08,CUCUMIS-2A100-RR,round_robin,equal_resource_2xa100_real_split,3352.4998037528767,576.9709771394264,5.810517229782144,375.5537545830589,142.9037435495411,2.628019009543049,3360.2719866728926,576.9911668205168,5.823784106071357,24074.735719122324,5419.919155132084,4.4418994140025365,10385.294231417261,5002.107270897832,2.07618382993078,24075.794210559943,5422.6677064507385,4.439843175697392,29479.421617444597,10657.705344971368,2.7660195758136523,1.3568849428530816,3.753153114051578,0.36153199766164257
mid_l90,mid,90,mistral-7b-instruct-v0.2,DistServe-2A100,continuous_batching,16,0.08,CUCUMIS-2A100-LB,least_backlog,equal_resource_2xa100_real_split,3352.4998037528767,693.7392022603308,4.83250736419365,375.5537545830589,162.71478594571818,2.30804934167657,3360.2719866728926,696.9924497199826,4.821102420869674,24074.735719122324,6000.266037556285,4.012278050412443,10385.294231417261,5612.293991037295,1.8504544216682766,24075.794210559943,6002.767648575536,4.010782295775376,29479.421617444597,10994.133435523003,2.681377462837955,1.3568849428530816,3.640837614716741,0.37268482872413083
high_l10,high,10,mistral-7b-instruct-v0.2,DistServe-2A100,continuous_batching,16,0.08,CUCUMIS-2A100-RR,round_robin,equal_resource_2xa100_real_split,496.32562908070474,503.84435838001076,0.9850772779842556,496.87779728278065,173.07911464013154,2.870813144127157,464.16706321984987,549.7109532592003,0.8443838720473618,26443.941419355913,5024.53973976837,5.262957960120537,26447.632422853596,4729.780577185738,5.591725026404961,20180.361609513027,5070.616934291902,3.9798631746436905,30494.10344362841,8837.688256503436,3.4504615413638917,1.3131886772554873,4.526071280075543,0.29013875301441766
high_l10,high,10,mistral-7b-instruct-v0.2,DistServe-2A100,continuous_batching,16,0.08,CUCUMIS-2A100-LB,least_backlog,equal_resource_2xa100_real_split,496.32562908070474,437.72524315398186,1.1338748149512332,496.87779728278065,148.89034551888471,3.337206287964175,464.16706321984987,441.16488330997527,1.052139643883923,26443.941419355913,4987.91212953598,5.301605307512898,26447.632422853596,4697.181598303723,5.630532239248433,20180.361609513027,4989.21377270337,4.044797943900977,30494.10344362841,8921.730368488026,3.417958421085558,1.3131886772554873,4.483435203719175,0.2928978824465108
high_l30,high,30,mistral-7b-instruct-v0.2,DistServe-2A100,continuous_batching,16,0.08,CUCUMIS-2A100-RR,round_robin,equal_resource_2xa100_real_split,1521.7856885916146,582.8161431456101,2.6110904896665046,1502.255387889651,176.95969969790897,8.489251453603153,1494.0086537755694,606.1768826437765,2.4646414215923387,26665.337566719005,5355.712846447423,4.978858712413379,26681.167565055886,5094.488457679108,5.23726136327552,21194.6596214057,5375.54850704124,3.9427901345590257,30724.87536544705,8814.568843480647,3.485692370327507,1.3043844277008951,4.537951512818726,0.28743904028421036
high_l30,high,30,mistral-7b-instruct-v0.2,DistServe-2A100,continuous_batching,16,0.08,CUCUMIS-2A100-LB,least_backlog,equal_resource_2xa100_real_split,1521.7856885916146,550.1550581678748,2.766103239438463,1502.255387889651,174.3988432266633,8.613906836166306,1494.0086537755694,556.5650833165273,2.684337732566495,26665.337566719005,5455.865173121274,4.887462706755984,26681.167565055886,5125.1312485925155,5.2059481544756885,21194.6596214057,5477.00937662652,3.8697504721929517,30724.87536544705,9184.89807598873,3.3451514770499613,1.3043844277008951,4.3589762853909875,0.2992410011663772
high_l50,high,50,mistral-7b-instruct-v0.2,DistServe-2A100,continuous_batching,16,0.08,CUCUMIS-2A100-RR,round_robin,equal_resource_2xa100_real_split,2226.416417682147,667.4095131314243,3.335907525854711,1524.1849897866473,219.94132202788018,6.9299619359087,2265.83323647805,674.889709733834,3.357338545540514,25442.344616609073,5448.112777209026,4.669937216248806,20316.01307074517,5136.046255399415,3.9555743972101856,25465.4991270526,5454.947015313082,4.668331159874891,29572.224038313725,9152.067063495308,3.2312070959650137,1.3526217065090946,4.370622897321663,0.3094803048183331
high_l50,high,50,mistral-7b-instruct-v0.2,DistServe-2A100,continuous_batching,16,0.08,CUCUMIS-2A100-LB,least_backlog,equal_resource_2xa100_real_split,2226.416417682147,628.0216494665365,3.5451268591987914,1524.1849897866473,189.97053487546503,8.023270507638593,2265.83323647805,632.6614848602912,3.581430655571529,25442.344616609073,5412.9476724608685,4.700275368640745,20316.01307074517,5057.525294018851,4.01698694315407,25465.4991270526,5413.800427865644,4.703811946221337,29572.224038313725,9332.76219296644,3.1686464764526616,1.3526217065090946,4.285976623115401,0.31559241345695854
high_l70,high,70,mistral-7b-instruct-v0.2,DistServe-2A100,continuous_batching,16,0.08,CUCUMIS-2A100-RR,round_robin,equal_resource_2xa100_real_split,3470.8075620218087,655.0263243427617,5.298729887694723,1165.9725401536416,181.6435047137202,6.41901587392996,3495.1275102846835,664.3207217860618,5.261205010868616,25585.92414175341,5396.738527254784,4.740997551120653,19220.467979323617,5118.155572152755,3.755350478969374,25589.069936073345,5398.222124877502,4.740277325408135,29811.001564622587,9271.856985494052,3.21521369573132,1.3418002105066689,4.31426673512533,0.3110146620240645
high_l70,high,70,mistral-7b-instruct-v0.2,DistServe-2A100,continuous_batching,16,0.08,CUCUMIS-2A100-LB,least_backlog,equal_resource_2xa100_real_split,3470.8075620218087,650.523617369181,5.3354059243203125,1165.9725401536416,166.07507973327301,7.020755564448722,3495.1275102846835,653.9069629486767,5.3449920375890025,25585.92414175341,5662.5127312931,4.518475340524413,19220.467979323617,5347.174678618612,3.594509088356363,25589.069936073345,5663.090197517886,4.518570081629452,29811.001564622587,9496.522430005993,3.1391492816811866,1.3418002105066689,4.212068661908992,0.31856085885801744
high_l90,high,90,mistral-7b-instruct-v0.2,DistServe-2A100,continuous_batching,16,0.08,CUCUMIS-2A100-RR,round_robin,equal_resource_2xa100_real_split,4797.127812463013,666.1052679599379,7.201756303707134,554.1140787591353,144.9468046083348,3.8228788848186337,4805.287146562201,666.5581897614175,7.209103751740216,25679.82214482165,5697.196413856291,4.507448976546627,10714.009668485407,5363.557100939215,1.9975567458038754,25680.759951072647,5700.095951255935,4.505320642087482,29897.335215429914,9353.591450026981,3.1963482022024463,1.3379142685286345,4.276435136845369,0.31285737435867766
high_l90,high,90,mistral-7b-instruct-v0.2,DistServe-2A100,continuous_batching,16,0.08,CUCUMIS-2A100-LB,least_backlog,equal_resource_2xa100_real_split,4797.127812463013,673.225590211805,7.125587443807325,554.1140787591353,160.36048507259693,3.4554278038525625,4805.287146562201,675.155941012781,7.11729965577128,25679.82214482165,6059.672213323356,4.237823638110262,10714.009668485407,5679.805837056192,1.886333789543484,25680.759951072647,6062.45417616301,4.2360336597754324,29897.335215429914,9821.440716509498,3.0440885485541385,1.3379142685286345,4.072731919079145,0.3285053608024218
mid_l10,mid,10,qwen2.5-7b-instruct,DistServe-2A100,continuous_batching,16,0.08,CUCUMIS-2A100-RR,round_robin,equal_resource_2xa100_real_split,297.1919239309329,437.4117352333269,0.6794329003825261,268.4239593118457,145.4054985952098,1.8460371987658009,296.64252741412906,447.2613359589013,0.6632420546214784,21877.373151411084,4792.365682646923,4.565046701387728,21883.005661688243,4628.966456565831,4.727406402059555,16553.642676511008,4882.360375643184,3.390499963725085,27249.631235736677,10272.840208503527,2.65258980794623,1.4715069084185959,3.8937668879989156,0.3779134577763161
mid_l10,mid,10,qwen2.5-7b-instruct,DistServe-2A100,continuous_batching,16,0.08,CUCUMIS-2A100-LB,least_backlog,equal_resource_2xa100_real_split,297.1919239309329,421.81869587482646,0.704548961052034,268.4239593118457,134.23759730067104,1.9996183238487082,296.64252741412906,444.12760012288345,0.667921847982545,21877.373151411084,4411.148605249764,4.959563848149333,21883.005661688243,4128.304347165977,5.300724903363925,16553.642676511008,4431.005558864854,3.7358659240210392,27249.631235736677,9733.994969005334,2.7994293527481835,1.4715069084185959,4.109310022827081,0.3580909934379309
mid_l30,mid,30,qwen2.5-7b-instruct,DistServe-2A100,continuous_batching,16,0.08,CUCUMIS-2A100-RR,round_robin,equal_resource_2xa100_real_split,571.580859584099,506.0558998747728,1.129481663439831,552.1917285164452,127.84236092033098,4.319317357261268,567.4076801767444,530.451498364564,1.0696692947915503,21581.5122596537,4550.053417843301,4.743133822346027,21600.916244297492,4270.7308341233875,5.057896899449836,17632.078355344343,4560.068856414873,3.866625463459928,26817.977651076242,9691.435451021283,2.767183229626749,1.494306944637095,4.127361625459047,0.36204895045291735
mid_l30,mid,30,qwen2.5-7b-instruct,DistServe-2A100,continuous_batching,16,0.08,CUCUMIS-2A100-LB,least_backlog,equal_resource_2xa100_real_split,571.580859584099,453.53866926336195,1.260269296358922,552.1917285164452,132.2436020913301,4.175564789403501,567.4076801767444,455.00332575000357,1.247040731496763,21581.5122596537,4455.75931887317,4.843509425709177,21600.916244297492,4145.377830246289,5.210843770787021,17632.078355344343,4458.4546373732155,3.9547510941442754,26817.977651076242,9743.091527502162,2.7525121338926364,1.494306944637095,4.105473844646603,0.36397916566576594
mid_l50,mid,50,qwen2.5-7b-instruct,DistServe-2A100,continuous_batching,16,0.08,CUCUMIS-2A100-RR,round_robin,equal_resource_2xa100_real_split,756.6591126623541,597.793690530525,1.2657529255466722,593.25550462278,218.68385718553316,2.712845439338749,790.9682407607639,611.5377151311258,1.2934087648071955,23488.82857899012,5059.584304775053,4.6424423755173345,18863.283175352655,4780.3549511305755,3.9460005309629578,23528.516926494296,5066.796934380836,4.643666843413666,28873.959875287954,10165.56247552075,2.8403701167365885,1.3853413066457394,3.938453220027119,0.3517475590674149
mid_l50,mid,50,qwen2.5-7b-instruct,DistServe-2A100,continuous_batching,16,0.08,CUCUMIS-2A100-LB,least_backlog,equal_resource_2xa100_real_split,756.6591126623541,484.76286915130913,1.5608850446550557,593.25550462278,142.9286019736901,4.1507122887271,790.9682407607639,486.56150214839727,1.625628491502653,23488.82857899012,4858.392154309549,4.834691773111558,18863.283175352655,4473.83247590973,4.216358854947269,23528.516926494296,4871.733398514916,4.829598625751289,28873.959875287954,10300.474717476478,2.80316787985494,1.3853413066457394,3.88414108277108,0.35666606261824796
mid_l70,mid,70,qwen2.5-7b-instruct,DistServe-2A100,continuous_batching,16,0.08,CUCUMIS-2A100-RR,round_robin,equal_resource_2xa100_real_split,1863.733471449559,547.2462740770425,3.4056576713890583,607.4263528776294,130.83212914207252,4.642791926270773,1884.7502677884356,556.5938214407652,3.3862220441284903,21375.121971661,4631.5722687519155,4.615089807811856,16608.032226836087,4382.141890558996,3.7899348404525366,21380.49799139994,4632.795633294154,4.615031545476854,26808.732302968358,9978.124528496159,2.68675062396809,1.4954308934339748,4.008770486282057,0.37303978827206835
mid_l70,mid,70,qwen2.5-7b-instruct,DistServe-2A100,continuous_batching,16,0.08,CUCUMIS-2A100-LB,least_backlog,equal_resource_2xa100_real_split,1863.733471449559,573.7275874288753,3.248464100884124,607.4263528776294,140.74077713914448,4.3159229700507655,1884.7502677884356,580.2785679139197,3.24800944236842,21375.121971661,5236.244073791313,4.0821477514099715,16608.032226836087,4885.498460381932,3.399455011912485,21380.49799139994,5237.34999601671,4.082312239522082,26808.732302968358,10335.74879297316,2.5937871401435846,1.4954308934339748,3.8700763788743293,0.3864086253173493
mid_l90,mid,90,qwen2.5-7b-instruct,DistServe-2A100,continuous_batching,16,0.08,CUCUMIS-2A100-RR,round_robin,equal_resource_2xa100_real_split,2988.4767076137414,528.5869880189421,5.653708425199919,359.54748388323827,138.95764483546373,2.587460979991201,2995.949406734149,529.1310349392006,5.662017929223139,22730.391519546443,4933.5126003396,4.6073443732528,10218.946301286152,4600.099551226012,2.221461989569902,22731.60710920584,4935.317878916976,4.60590536757769,28147.608623140495,10172.903673481502,2.766919802505852,1.4222282803725226,3.933045484482948,0.36160992441700524
mid_l90,mid,90,qwen2.5-7b-instruct,DistServe-2A100,continuous_batching,16,0.08,CUCUMIS-2A100-LB,least_backlog,equal_resource_2xa100_real_split,2988.4767076137414,549.2782863852335,5.440733379942474,359.54748388323827,127.17048092541518,2.8272872860653173,2995.949406734149,551.0213690664386,5.437083886256535,22730.391519546443,4890.942652922822,4.647445928641749,10218.946301286152,4533.971295167576,2.253862152188253,22731.60710920584,4892.118392622797,4.646577471118563,28147.608623140495,10121.426082520378,2.780992361516248,1.4222282803725226,3.9520124711471496,0.3598744413778868
high_l10,high,10,qwen2.5-7b-instruct,DistServe-2A100,continuous_batching,16,0.08,CUCUMIS-2A100-RR,round_robin,equal_resource_2xa100_real_split,459.7892224121032,459.2155547512811,1.0012492339488213,460.3483301734227,149.53875923674786,3.078454927157748,429.7683784941024,506.5242322246195,0.8484655839792489,22816.955512547673,4950.969603364938,4.608583235300026,22820.949482261887,4650.644646745059,4.907050788804956,17403.24602469105,5000.547369493288,3.48026820640928,26835.09814964699,8841.045883970783,3.0352854743464506,1.4928798778093146,4.524351595172789,0.3299654870771157
high_l10,high,10,qwen2.5-7b-instruct,DistServe-2A100,continuous_batching,16,0.08,CUCUMIS-2A100-LB,least_backlog,equal_resource_2xa100_real_split,459.7892224121032,424.4898895776714,1.083157063810286,460.3483301734227,136.4165230508661,3.3745789723857063,429.7683784941024,437.2394796446315,0.9829130225006185,22816.955512547673,4476.872467154753,5.096628434235662,22820.949482261887,4247.196986664494,5.373178958714641,17403.24602469105,4503.746785927215,3.864170623239897,26835.09814964699,8328.760090499538,3.221979965572221,1.4928798778093146,4.802636148477574,0.31084592537424566
high_l30,high,30,qwen2.5-7b-instruct,DistServe-2A100,continuous_batching,16,0.08,CUCUMIS-2A100-RR,round_robin,equal_resource_2xa100_real_split,1183.4561108268629,499.8726241319673,2.3675153502993758,1155.8488078445657,154.92428571596975,7.460733496384419,1163.6545913332864,502.68051215971354,2.3148989530820834,24535.903298416033,5237.278119689436,4.684857809283381,24553.59843443061,4983.213550295623,4.927261933812569,19531.09118526098,5256.608773547341,3.7155306827372514,28595.89775869671,8827.468355469155,3.239422290421444,1.3988107660688769,4.5313151119625985,0.3086986297589499
high_l30,high,30,qwen2.5-7b-instruct,DistServe-2A100,continuous_batching,16,0.08,CUCUMIS-2A100-LB,least_backlog,equal_resource_2xa100_real_split,1183.4561108268629,453.76758307334967,2.608066673276575,1155.8488078445657,133.8079935219139,8.63811478987069,1163.6545913332864,454.2847871698905,2.5615090449817557,24535.903298416033,4481.150738986325,5.475357721165672,24553.59843443061,4182.29943207989,5.870837043874669,19531.09118526098,4482.051411755965,4.357623193262111,28595.89775869671,8371.703752493742,3.415779942067185,1.3988107660688769,4.778000059386089,0.2927607259696447
high_l50,high,50,qwen2.5-7b-instruct,DistServe-2A100,continuous_batching,16,0.08,CUCUMIS-2A100-RR,round_robin,equal_resource_2xa100_real_split,1783.4400016822726,572.9767017028644,3.112587294355876,1213.6359701888273,264.72012341517245,4.58460034897093,1820.7446530855514,588.3371116031775,3.0947302442372697,21648.206942699064,4765.744727926212,4.54246045027241,17412.9251437662,4495.623562796391,3.873305871930016,21677.69467809813,4789.520540525555,4.526067796280802,25764.668335333543,8563.381819968465,3.008702505271267,1.5525137376011764,4.671186197629501,0.33235963455899803
high_l50,high,50,qwen2.5-7b-instruct,DistServe-2A100,continuous_batching,16,0.08,CUCUMIS-2A100-LB,least_backlog,equal_resource_2xa100_real_split,1783.4400016822726,521.596902202873,3.4191920890446754,1213.6359701888273,152.2973517028731,7.968858004547507,1820.7446530855514,528.8572539066081,3.442790355310282,21648.206942699064,4580.2305815625,4.726444784208657,17412.9251437662,4286.541118635796,4.06223214984764,21677.69467809813,4589.250690757763,4.723580414065107,25764.668335333543,8522.50071549218,3.023134781144529,1.5525137376011764,4.6937106568598725,0.3307646872804511
high_l70,high,70,qwen2.5-7b-instruct,DistServe-2A100,continuous_batching,16,0.08,CUCUMIS-2A100-RR,round_robin,equal_resource_2xa100_real_split,2918.392104413223,520.870301691757,5.602915149768478,937.7468231277162,176.72961653355745,5.306110212430958,2941.07107277584,522.5742260945844,5.6280446411521154,21876.625550403092,4733.5741926773335,4.621587126329494,16550.559937044978,4415.315513593378,3.7484433187370128,21876.951013490092,4748.212442780787,4.607407793379581,26096.704017405274,8590.806582974294,3.0377478255796233,1.5327790981791565,4.656141527614565,0.3291951262839792
high_l70,high,70,qwen2.5-7b-instruct,DistServe-2A100,continuous_batching,16,0.08,CUCUMIS-2A100-LB,least_backlog,equal_resource_2xa100_real_split,2918.392104413223,556.724416083598,5.24207672611757,937.7468231277162,138.47198296745773,6.772105107703237,2941.07107277584,561.1921800600248,5.240755622185015,21876.625550403092,4948.449810025631,4.420904806608472,16550.559937044978,4632.176843041088,3.5729551132981583,21876.951013490092,4950.419582786853,4.419211472409051,26096.704017405274,8660.823449029378,3.013189700839583,1.5327790981791565,4.61850374025366,0.3318778514391703
high_l90,high,90,qwen2.5-7b-instruct,DistServe-2A100,continuous_batching,16,0.08,CUCUMIS-2A100-RR,round_robin,equal_resource_2xa100_real_split,4180.63734303535,577.8148721877369,7.235253961543976,470.3473183957754,124.29954367136816,3.7839826640016683,4188.194533795191,579.5585505300551,7.226525309590782,23025.342608737526,4915.984103693045,4.683770761471778,9465.11250096051,4637.627412919246,2.0409385356385297,23026.18350411462,4917.101548492792,4.682877357123667,27220.09761364991,8639.273906496801,3.1507390445370858,1.4712358019513458,4.6300316338309875,0.31775934125400646
high_l90,high,90,qwen2.5-7b-instruct,DistServe-2A100,continuous_batching,16,0.08,CUCUMIS-2A100-LB,least_backlog,equal_resource_2xa100_real_split,4180.63734303535,618.807561188296,6.7559571104904945,470.3473183957754,141.92268833314301,3.314109420557924,4188.194533795191,620.5471091685467,6.749196752212467,23025.342608737526,5271.6205927339615,4.36779206767537,9465.11250096051,4941.782766683609,1.9153234668209567,23026.18350411462,5274.625611273223,4.365463106026289,27220.09761364991,9109.534610996745,2.9880887197893355,1.4712358019513458,4.391060837597821,0.33505247509988995
