gpu_profile,gpu_label,density,density_level,target_long_fraction_pct,model_key,distserve_decode_replay_mode,distserve_decode_batch_size,distserve_decode_batch_alpha,cucumis_dispatcher,comparison_scope,distserve_all_ttft_p99_ms,cucumis_all_ttft_p99_ms,all_ttft_p99_ratio,distserve_short_ttft_p99_ms,cucumis_short_ttft_p99_ms,short_ttft_p99_ratio,distserve_all_completion_p99_ms,cucumis_all_completion_p99_ms,all_completion_p99_ratio,distserve_round_wall_ms,cucumis_round_wall_ms,round_wall_ratio,distserve_throughput_rps,cucumis_throughput_rps,throughput_ratio
a100,A100,mid_l10,mid,10,baichuan2-7b-chat,continuous_batching,16,0.08,least_backlog,equal_resource_2xgpu_real_split,237.569,377.599,0.629158,203.905,121.901,1.67272,15128.4,3656.21,4.13773,20512.5,8950.28,2.29183,1.95003,4.46926,0.43632
a100,A100,mid_l30,mid,30,baichuan2-7b-chat,continuous_batching,16,0.08,least_backlog,equal_resource_2xgpu_real_split,359.061,404.322,0.888057,326.713,104.664,3.12156,15222.1,3638.88,4.18317,20509.2,8925.18,2.29791,1.95039,4.48175,0.435184
a100,A100,mid_l50,mid,50,baichuan2-7b-chat,continuous_batching,16,0.08,least_backlog,equal_resource_2xgpu_real_split,427.736,418.251,1.02268,405.178,114.617,3.53507,15034.7,3799.56,3.95696,20343.9,9026.64,2.25377,1.96619,4.43133,0.443702
a100,A100,mid_l70,mid,70,baichuan2-7b-chat,continuous_batching,16,0.08,least_backlog,equal_resource_2xgpu_real_split,1199.86,485.399,2.47189,459.176,114.208,4.02053,16461.1,3941.86,4.17597,21812.3,9185.94,2.37454,1.83956,4.35452,0.422448
a100,A100,mid_l90,mid,90,baichuan2-7b-chat,continuous_batching,16,0.08,least_backlog,equal_resource_2xgpu_real_split,2040.19,499.79,4.0821,266.767,104.263,2.55861,16562.4,4509.89,3.67246,21743.5,9166.95,2.37194,1.83987,4.36351,0.42165
a100,A100,high_l10,high,10,baichuan2-7b-chat,continuous_batching,16,0.08,least_backlog,equal_resource_2xgpu_real_split,310.462,378.865,0.819453,284.961,119.537,2.38387,16635.9,3660.44,4.54478,20704.4,7597.52,2.72515,1.93197,5.26489,0.366954
a100,A100,high_l30,high,30,baichuan2-7b-chat,continuous_batching,16,0.08,least_backlog,equal_resource_2xgpu_real_split,701.221,397.376,1.76463,660.526,116.993,5.64588,16761,3664.62,4.57375,20806.6,7539.85,2.75955,1.92247,5.30517,0.362377
a100,A100,high_l50,high,50,baichuan2-7b-chat,continuous_batching,16,0.08,least_backlog,equal_resource_2xgpu_real_split,1041.12,450.821,2.30939,685.735,127.647,5.37214,16550.2,3870.92,4.27554,20629,7793.24,2.64704,1.93911,5.13273,0.377794
a100,A100,high_l70,high,70,baichuan2-7b-chat,continuous_batching,16,0.08,least_backlog,equal_resource_2xgpu_real_split,2143.93,587.294,3.65053,602.593,114.298,5.27212,16712.3,4192.82,3.98593,20806.5,7677.93,2.70992,1.92264,5.20974,0.369048
a100,A100,high_l90,high,90,baichuan2-7b-chat,continuous_batching,16,0.08,least_backlog,equal_resource_2xgpu_real_split,3324.3,590.537,5.62928,325.225,110.501,2.94319,16648.1,4714.14,3.53152,20656.7,7907.42,2.61231,1.93642,5.05881,0.382782
a100,A100,mid_l10,mid,10,gemma-2-9b-it,continuous_batching,16,0.08,least_backlog,equal_resource_2xgpu_real_split,989.75,576.574,1.7166,990.561,195.316,5.07158,29013.3,6152.93,4.71537,34413.7,11430.9,3.01058,1.16254,3.49929,0.332221
a100,A100,mid_l30,mid,30,gemma-2-9b-it,continuous_batching,16,0.08,least_backlog,equal_resource_2xgpu_real_split,1380.84,641.307,2.15317,1342.47,202.197,6.63942,28674.2,6433.48,4.45702,33997.3,11519.7,2.95124,1.17661,3.47264,0.338825
a100,A100,mid_l50,mid,50,gemma-2-9b-it,continuous_batching,16,0.08,least_backlog,equal_resource_2xgpu_real_split,1860.92,647.502,2.874,1282.31,203.328,6.30661,28467.5,6508.93,4.37361,33935.4,11664.7,2.90923,1.17871,3.42914,0.343735
a100,A100,mid_l70,mid,70,gemma-2-9b-it,continuous_batching,16,0.08,least_backlog,equal_resource_2xgpu_real_split,3342.22,709.256,4.71229,1064.76,183.837,5.79186,28496.1,6973.17,4.08653,34048.9,11557.5,2.94605,1.17478,3.461,0.339435
a100,A100,mid_l90,mid,90,gemma-2-9b-it,continuous_batching,16,0.08,least_backlog,equal_resource_2xgpu_real_split,4963.99,1736.58,2.85849,565.263,181.752,3.11008,28452,7318.33,3.88777,33893.1,12728.5,2.66277,1.18026,3.14322,0.375495
a100,A100,high_l10,high,10,gemma-2-9b-it,continuous_batching,16,0.08,least_backlog,equal_resource_2xgpu_real_split,721.314,539.981,1.33581,722.517,197.711,3.6544,29740.7,6033.65,4.92914,33821.2,9953.3,3.39799,1.18269,4.01879,0.29429
a100,A100,high_l30,high,30,gemma-2-9b-it,continuous_batching,16,0.08,least_backlog,equal_resource_2xgpu_real_split,2211.23,560.88,3.94244,2202.64,181.219,12.1546,29975.7,6107.74,4.90782,34033,9952.05,3.41969,1.17533,4.01928,0.292424
a100,A100,high_l50,high,50,gemma-2-9b-it,continuous_batching,16,0.08,least_backlog,equal_resource_2xgpu_real_split,3292.09,733.237,4.48981,2255.84,256.979,8.77831,29613.7,6750.31,4.38701,33807.5,10430.6,3.24119,1.18317,3.83498,0.308521
a100,A100,high_l70,high,70,gemma-2-9b-it,continuous_batching,16,0.08,least_backlog,equal_resource_2xgpu_real_split,4703.08,883.831,5.32125,1612.9,180.877,8.91711,29680.5,6918.43,4.29006,33915,10426.2,3.25285,1.17946,3.83648,0.307433
a100,A100,high_l90,high,90,gemma-2-9b-it,continuous_batching,16,0.08,least_backlog,equal_resource_2xgpu_real_split,6334.8,1119.04,5.66092,725.641,180.587,4.01823,30773.5,7653.56,4.0208,34890.4,10845.3,3.21711,1.14699,3.69189,0.310677
a100,A100,mid_l10,mid,10,gemma-7b-it,continuous_batching,16,0.08,least_backlog,equal_resource_2xgpu_real_split,403.205,469.101,0.859528,362.033,132.918,2.72374,16083.4,3866.78,4.15937,21505.7,9028.53,2.38197,1.85997,4.4304,0.41982
a100,A100,mid_l30,mid,30,gemma-7b-it,continuous_batching,16,0.08,least_backlog,equal_resource_2xgpu_real_split,1066.97,493.499,2.16205,1000.24,143.234,6.98323,16299.9,4496.64,3.62491,21711.1,9152.68,2.3721,1.84243,4.37043,0.421566
a100,A100,mid_l50,mid,50,gemma-7b-it,continuous_batching,16,0.08,least_backlog,equal_resource_2xgpu_real_split,1805.11,520.51,3.46797,1123.56,164.619,6.82521,16485.6,4731.24,3.48441,22002.2,9268.35,2.3739,1.81801,4.31577,0.421247
a100,A100,mid_l70,mid,70,gemma-7b-it,continuous_batching,16,0.08,least_backlog,equal_resource_2xgpu_real_split,3651.51,2711.52,1.34666,848.862,166.824,5.08838,16339.1,6008.81,2.71919,21821.4,11403.6,1.91355,1.83317,3.50779,0.522599
a100,A100,mid_l90,mid,90,gemma-7b-it,continuous_batching,16,0.08,least_backlog,equal_resource_2xgpu_real_split,5639.84,3817.44,1.47739,528.991,124.391,4.25264,17025.5,7212.32,2.36062,22565.3,11375.3,1.98371,1.77265,3.51645,0.504102
a100,A100,high_l10,high,10,gemma-7b-it,continuous_batching,16,0.08,least_backlog,equal_resource_2xgpu_real_split,566.466,666.337,0.850118,567.117,211.992,2.67518,19834.4,5181.5,3.82794,23937.6,8826.8,2.71192,1.68774,4.53165,0.372434
a100,A100,high_l30,high,30,gemma-7b-it,continuous_batching,16,0.08,least_backlog,equal_resource_2xgpu_real_split,1912.44,524.863,3.6437,1873.27,189.672,9.87636,17603.5,4526.01,3.88941,21712.3,7967.5,2.7251,1.8423,5.02463,0.366655
a100,A100,high_l50,high,50,gemma-7b-it,continuous_batching,16,0.08,least_backlog,equal_resource_2xgpu_real_split,3041.53,1772.68,1.71578,1916.07,217.59,8.80584,17566.6,6481.06,2.71045,21764,10274.2,2.11833,1.83799,3.89639,0.471715
a100,A100,high_l70,high,70,gemma-7b-it,continuous_batching,16,0.08,least_backlog,equal_resource_2xgpu_real_split,5070.02,3913.67,1.29546,1386.23,205.339,6.75093,17815.9,8116.36,2.19506,22043.3,12374.7,1.78132,1.8148,3.2418,0.559811
a100,A100,high_l90,high,90,gemma-7b-it,continuous_batching,16,0.08,least_backlog,equal_resource_2xgpu_real_split,7064.38,5369.01,1.31577,664.483,156.98,4.23291,18163.2,9755,1.86194,22390,12586.3,1.77892,1.78654,3.17856,0.562062
a100,A100,mid_l10,mid,10,mistral-7b-instruct-v0.2,continuous_batching,16,0.08,least_backlog,equal_resource_2xgpu_real_split,275.063,469.39,0.586001,235.318,190.512,1.23519,16757.2,5201.41,3.22167,22117.3,10690.5,2.06887,1.80854,3.74195,0.483315
a100,A100,mid_l30,mid,30,mistral-7b-instruct-v0.2,continuous_batching,16,0.08,least_backlog,equal_resource_2xgpu_real_split,427.305,467.821,0.913395,388.455,126.161,3.07905,16125.3,3977.64,4.05398,21454.6,9142.85,2.3466,1.86453,4.37501,0.426178
a100,A100,mid_l50,mid,50,mistral-7b-instruct-v0.2,continuous_batching,16,0.08,least_backlog,equal_resource_2xgpu_real_split,541.659,623.182,0.869183,475.315,181.38,2.62054,16418,5318.81,3.08678,21739.8,10577.7,2.05526,1.83995,3.78209,0.486492
a100,A100,mid_l70,mid,70,mistral-7b-instruct-v0.2,continuous_batching,16,0.08,least_backlog,equal_resource_2xgpu_real_split,1562.1,628.077,2.48712,518.601,169.29,3.06339,16531,5384.48,3.07012,21904.1,10134.7,2.16129,1.82619,3.94685,0.462696
a100,A100,mid_l90,mid,90,mistral-7b-instruct-v0.2,continuous_batching,16,0.08,least_backlog,equal_resource_2xgpu_real_split,2626.47,610.896,4.29937,283.285,163.003,1.73791,16594.1,5571.14,2.97858,21948,10694.4,2.05229,1.82249,3.74218,0.487013
a100,A100,high_l10,high,10,mistral-7b-instruct-v0.2,continuous_batching,16,0.08,least_backlog,equal_resource_2xgpu_real_split,375.396,485.211,0.773676,354.839,308.997,1.14836,17510.1,5366.45,3.26288,21546.2,9058.16,2.37865,1.85693,4.42324,0.419812
a100,A100,high_l30,high,30,mistral-7b-instruct-v0.2,continuous_batching,16,0.08,least_backlog,equal_resource_2xgpu_real_split,1001.81,504.145,1.98714,962.164,153.76,6.25758,17361.2,4748.38,3.65624,21392.5,8635.23,2.47736,1.86982,4.63219,0.403659
a100,A100,high_l50,high,50,mistral-7b-instruct-v0.2,continuous_batching,16,0.08,least_backlog,equal_resource_2xgpu_real_split,1433.13,521.657,2.74727,941.301,133.015,7.07665,17314.6,4391.48,3.94277,21425.8,8074.16,2.65363,1.86691,4.9541,0.376841
a100,A100,high_l70,high,70,mistral-7b-instruct-v0.2,continuous_batching,16,0.08,least_backlog,equal_resource_2xgpu_real_split,2594.02,529.918,4.89514,718.445,130.925,5.48744,17046.8,4534.82,3.7591,21210.1,8156.88,2.60027,1.88591,4.90401,0.384565
a100,A100,high_l90,high,90,mistral-7b-instruct-v0.2,continuous_batching,16,0.08,least_backlog,equal_resource_2xgpu_real_split,3925.58,567.558,6.91662,378.518,107.33,3.52668,17206.7,4836.76,3.55748,21384.4,8154.19,2.62251,1.87053,4.90569,0.381298
a100,A100,mid_l10,mid,10,qwen2.5-7b-instruct,continuous_batching,16,0.08,least_backlog,equal_resource_2xgpu_real_split,380.743,362.895,1.04918,334.613,115.132,2.90634,13473,3460.81,3.893,18934.6,8776.41,2.15744,2.11262,4.55768,0.46353
a100,A100,mid_l30,mid,30,qwen2.5-7b-instruct,continuous_batching,16,0.08,least_backlog,equal_resource_2xgpu_real_split,358.735,399.675,0.897569,307.109,110.551,2.77799,13414,3679.44,3.64565,18707.9,8812.04,2.12299,2.13816,4.53925,0.471037
a100,A100,mid_l50,mid,50,qwen2.5-7b-instruct,continuous_batching,16,0.08,least_backlog,equal_resource_2xgpu_real_split,430.052,395.483,1.08741,400.66,110.699,3.61938,13293.5,3598.9,3.69376,18579,8853.33,2.09853,2.15297,4.51809,0.476523
a100,A100,mid_l70,mid,70,qwen2.5-7b-instruct,continuous_batching,16,0.08,least_backlog,equal_resource_2xgpu_real_split,1135.47,511.067,2.22177,438.844,109.3,4.01503,13526.6,4016.87,3.36745,18883.2,8976.51,2.10362,2.11829,4.45609,0.475368
a100,A100,mid_l90,mid,90,qwen2.5-7b-instruct,continuous_batching,16,0.08,least_backlog,equal_resource_2xgpu_real_split,1962.79,449.452,4.36708,240.175,101.706,2.36147,13614.8,4050.37,3.36138,18933.8,9136.76,2.07226,2.11263,4.3781,0.482545
a100,A100,high_l10,high,10,qwen2.5-7b-instruct,continuous_batching,16,0.08,least_backlog,equal_resource_2xgpu_real_split,298.154,364.14,0.81879,263.339,112.598,2.33875,14574.2,3469.94,4.20012,18618.8,7399.65,2.51617,2.14837,5.4058,0.397419
a100,A100,high_l30,high,30,qwen2.5-7b-instruct,continuous_batching,16,0.08,least_backlog,equal_resource_2xgpu_real_split,664.051,385.25,1.72369,625.984,112.126,5.58287,14954.9,3426.44,4.36457,18912.1,7275.54,2.5994,2.11565,5.49847,0.38477
a100,A100,high_l50,high,50,qwen2.5-7b-instruct,continuous_batching,16,0.08,least_backlog,equal_resource_2xgpu_real_split,958.629,417.07,2.29848,626.955,105.548,5.94002,14443.5,3574.35,4.04088,18543.2,7352.37,2.52207,2.15729,5.44066,0.396513
a100,A100,high_l70,high,70,qwen2.5-7b-instruct,continuous_batching,16,0.08,least_backlog,equal_resource_2xgpu_real_split,2034.39,564.452,3.60419,532.092,146.551,3.63077,14441,4696.73,3.0747,18544.6,8583.44,2.1605,2.15698,4.66163,0.462709
a100,A100,high_l90,high,90,qwen2.5-7b-instruct,continuous_batching,16,0.08,least_backlog,equal_resource_2xgpu_real_split,3232.87,531.997,6.07686,320.999,119.453,2.68725,15079,4635.78,3.25273,19127.5,8492.05,2.25241,2.09125,4.71082,0.443925
rtx4090,RTX 4090,mid_l10,mid,10,baichuan2-7b-chat,continuous_batching,16,0.08,least_backlog,equal_resource_2xgpu_real_split,272.934,975.977,0.279652,225.452,364.051,0.619287,10773.9,3793.97,2.83975,16144.1,8290.23,1.94736,2.47795,4.82499,0.513565
rtx4090,RTX 4090,mid_l30,mid,30,baichuan2-7b-chat,continuous_batching,16,0.08,least_backlog,equal_resource_2xgpu_real_split,414.784,3375.55,0.122879,362.533,2353.5,0.15404,10814.7,7084.26,1.52658,16128.1,10313.8,1.56373,2.48068,3.88717,0.638171
rtx4090,RTX 4090,mid_l50,mid,50,baichuan2-7b-chat,continuous_batching,16,0.08,least_backlog,equal_resource_2xgpu_real_split,573.145,4398.41,0.130307,477.17,4023.37,0.1186,10576.1,7103.51,1.48885,15933.3,11761,1.35475,2.51047,3.40107,0.738142
rtx4090,RTX 4090,mid_l70,mid,70,baichuan2-7b-chat,continuous_batching,16,0.08,least_backlog,equal_resource_2xgpu_real_split,1729.22,8583.41,0.201461,520.057,176.465,2.94709,11122.4,13502.3,0.823743,16497.4,16045.4,1.02817,2.42475,2.49352,0.972418
rtx4090,RTX 4090,mid_l90,mid,90,baichuan2-7b-chat,continuous_batching,16,0.08,least_backlog,equal_resource_2xgpu_real_split,2872.71,16261.8,0.176654,275.135,89.4912,3.07444,11054.7,21753.8,0.508175,16232.1,24006.9,0.676144,2.46436,1.6664,1.47886
rtx4090,RTX 4090,high_l10,high,10,baichuan2-7b-chat,continuous_batching,16,0.08,least_backlog,equal_resource_2xgpu_real_split,341.152,1069.2,0.319073,306.737,936.497,0.327537,12425.8,4136.76,3.00376,16509.9,6962.83,2.37115,2.42279,5.7452,0.421706
rtx4090,RTX 4090,high_l30,high,30,baichuan2-7b-chat,continuous_batching,16,0.08,least_backlog,equal_resource_2xgpu_real_split,910.799,4457.96,0.204308,860.862,3938.48,0.218577,12205.1,7986.1,1.52829,16222.9,10188.4,1.59229,2.46565,3.92862,0.627612
rtx4090,RTX 4090,high_l50,high,50,baichuan2-7b-chat,continuous_batching,16,0.08,least_backlog,equal_resource_2xgpu_real_split,1379.74,7264.1,0.189939,850.511,5106.97,0.166539,11903.4,9591.2,1.24107,15997.6,12161.5,1.31543,2.50043,3.31414,0.754475
rtx4090,RTX 4090,high_l70,high,70,baichuan2-7b-chat,continuous_batching,16,0.08,least_backlog,equal_resource_2xgpu_real_split,2801.49,9183.65,0.305052,707.428,119.863,5.90195,12120.9,12812.7,0.946009,16228.9,14961.6,1.08471,2.46493,2.67369,0.92192
rtx4090,RTX 4090,high_l90,high,90,baichuan2-7b-chat,continuous_batching,16,0.08,least_backlog,equal_resource_2xgpu_real_split,4282.58,13310,0.321757,381.836,84.3501,4.5268,11984.1,15561.7,0.770097,16017.1,19215.1,0.833569,2.49733,2.0826,1.19914
rtx4090,RTX 4090,mid_l10,mid,10,gemma-2-9b-it,continuous_batching,16,0.08,least_backlog,equal_resource_2xgpu_real_split,884.175,848.292,1.0423,872.084,311.34,2.80107,21749.5,5771.46,3.76845,27083.8,10548.4,2.56756,1.4769,3.79206,0.389473
rtx4090,RTX 4090,mid_l30,mid,30,gemma-2-9b-it,continuous_batching,16,0.08,least_backlog,equal_resource_2xgpu_real_split,1352.75,8493.18,0.159275,1298.39,8497.5,0.152797,21376.3,14157.4,1.5099,26725.3,16440,1.62563,1.49679,2.43316,0.615163
rtx4090,RTX 4090,mid_l50,mid,50,gemma-2-9b-it,continuous_batching,16,0.08,least_backlog,equal_resource_2xgpu_real_split,2150.21,11060.4,0.194407,1409.75,11132.1,0.126638,21682,16061.8,1.34991,27155.7,18899,1.43688,1.47329,2.11652,0.69609
rtx4090,RTX 4090,mid_l70,mid,70,gemma-2-9b-it,continuous_batching,16,0.08,least_backlog,equal_resource_2xgpu_real_split,3789.39,12666.8,0.299159,1093.13,159.448,6.8557,21974.4,17998.3,1.22091,27497.2,22426.7,1.22609,1.45469,1.78359,0.8156
rtx4090,RTX 4090,mid_l90,mid,90,gemma-2-9b-it,continuous_batching,16,0.08,least_backlog,equal_resource_2xgpu_real_split,5660.13,16113.1,0.351276,568.952,149.453,3.80689,22022.6,21683,1.01566,27405.6,25421.7,1.07804,1.45969,1.57354,0.927652
rtx4090,RTX 4090,high_l10,high,10,gemma-2-9b-it,continuous_batching,16,0.08,least_backlog,equal_resource_2xgpu_real_split,672.717,1045.83,0.643237,673.947,761.97,0.88448,23090.7,5627.11,4.10347,27196.6,9492.03,2.86521,1.47077,4.21685,0.348785
rtx4090,RTX 4090,high_l30,high,30,gemma-2-9b-it,continuous_batching,16,0.08,least_backlog,equal_resource_2xgpu_real_split,2339.29,5877.34,0.398018,2315.61,5886.42,0.393382,23085,10657.1,2.16617,27162.6,13329.5,2.03778,1.4727,3.00146,0.49066
rtx4090,RTX 4090,high_l50,high,50,gemma-2-9b-it,continuous_batching,16,0.08,least_backlog,equal_resource_2xgpu_real_split,3815.86,11128.6,0.342889,2658.35,11217.2,0.236989,22869.1,15634.7,1.46271,27113.9,17993.1,1.5069,1.4768,2.22312,0.664292
rtx4090,RTX 4090,high_l70,high,70,gemma-2-9b-it,continuous_batching,16,0.08,least_backlog,equal_resource_2xgpu_real_split,5179.89,14328.6,0.361508,1617.24,179.215,9.02402,22430.4,18665.7,1.20169,26677.2,21961.8,1.21471,1.49941,1.82137,0.82323
rtx4090,RTX 4090,high_l90,high,90,gemma-2-9b-it,continuous_batching,16,0.08,least_backlog,equal_resource_2xgpu_real_split,7015.26,17042.1,0.411644,729.597,161.346,4.52194,22402.1,22434.3,0.998565,26469,25186.8,1.05091,1.51141,1.59433,0.947992
rtx4090,RTX 4090,mid_l10,mid,10,gemma-7b-it,continuous_batching,16,0.08,least_backlog,equal_resource_2xgpu_real_split,540.561,2534.78,0.213258,523.027,2543.27,0.205652,11327.7,5184.27,2.18502,16764,8327.92,2.01299,2.38613,4.80312,0.496786
rtx4090,RTX 4090,mid_l30,mid,30,gemma-7b-it,continuous_batching,16,0.08,least_backlog,equal_resource_2xgpu_real_split,1586.74,10051.5,0.15786,1512.56,6186.98,0.244475,11367.7,16277.6,0.698362,16773.7,18709.9,0.896515,2.38474,2.13791,1.11546
rtx4090,RTX 4090,mid_l50,mid,50,gemma-7b-it,continuous_batching,16,0.08,least_backlog,equal_resource_2xgpu_real_split,2544.85,18707.3,0.136035,1538.66,17878.3,0.0860633,10966.5,22245.8,0.492971,16516.2,24764.8,0.666922,2.42187,1.61654,1.49818
rtx4090,RTX 4090,mid_l70,mid,70,gemma-7b-it,continuous_batching,16,0.08,least_backlog,equal_resource_2xgpu_real_split,4842.84,23108.7,0.209567,1133.1,23170,0.0489036,11113.6,25760.3,0.431424,16636.7,27665.7,0.601348,2.40432,1.44816,1.66025
rtx4090,RTX 4090,mid_l90,mid,90,gemma-7b-it,continuous_batching,16,0.08,least_backlog,equal_resource_2xgpu_real_split,7303.55,31624.7,0.230945,631.454,114.433,5.51813,11671.5,40789.3,0.28614,17295.9,41497.6,0.416792,2.31269,0.963924,2.39925
rtx4090,RTX 4090,high_l10,high,10,gemma-7b-it,continuous_batching,16,0.08,least_backlog,equal_resource_2xgpu_real_split,617.678,2899.16,0.213054,614.701,2902.62,0.211775,12804,5756.54,2.22426,16973,7674.75,2.21154,2.35701,5.21235,0.452197
rtx4090,RTX 4090,high_l30,high,30,gemma-7b-it,continuous_batching,16,0.08,least_backlog,equal_resource_2xgpu_real_split,2361.11,13830.3,0.17072,2313.9,13032.1,0.177553,12565.5,18598.9,0.675606,16697.6,19786.4,0.843895,2.39556,2.02479,1.18311
rtx4090,RTX 4090,high_l50,high,50,gemma-7b-it,continuous_batching,16,0.08,least_backlog,equal_resource_2xgpu_real_split,3797.76,18173.5,0.208972,2342.12,17520.4,0.13368,12802.5,22500.9,0.568977,17046,24749,0.688756,2.3466,1.62389,1.44505
rtx4090,RTX 4090,high_l70,high,70,gemma-7b-it,continuous_batching,16,0.08,least_backlog,equal_resource_2xgpu_real_split,6253.68,24859.6,0.25156,1655.31,20648.4,0.0801665,12615.3,30636.8,0.411769,16846.3,32299.1,0.521572,2.37456,1.24246,1.91118
rtx4090,RTX 4090,high_l90,high,90,gemma-7b-it,continuous_batching,16,0.08,least_backlog,equal_resource_2xgpu_real_split,8746.21,32098.7,0.272479,808.723,152.943,5.28776,13134.5,46669,0.28144,17434.8,47190.1,0.369458,2.29428,0.855735,2.68106
rtx4090,RTX 4090,mid_l10,mid,10,mistral-7b-instruct-v0.2,continuous_batching,16,0.08,least_backlog,equal_resource_2xgpu_real_split,346.258,388.605,0.891028,318.725,105.551,3.01962,10857.3,3117.71,3.48248,16138.9,8306.29,1.94298,2.47856,4.81563,0.514691
rtx4090,RTX 4090,mid_l30,mid,30,mistral-7b-instruct-v0.2,continuous_batching,16,0.08,least_backlog,equal_resource_2xgpu_real_split,521.805,440.743,1.18392,453.792,107.875,4.20664,11174.9,3431.14,3.25692,16459,8322.76,1.97759,2.43098,4.80614,0.505808
rtx4090,RTX 4090,mid_l50,mid,50,mistral-7b-instruct-v0.2,continuous_batching,16,0.08,least_backlog,equal_resource_2xgpu_real_split,759.108,461.675,1.64425,538.296,123.988,4.34151,11056.9,3787.77,2.91912,16406.9,8529.08,1.92365,2.438,4.68991,0.519841
rtx4090,RTX 4090,mid_l70,mid,70,mistral-7b-instruct-v0.2,continuous_batching,16,0.08,least_backlog,equal_resource_2xgpu_real_split,2213.41,658.681,3.36036,594.389,125.78,4.72561,11212.2,4560.5,2.45853,16616.8,8999.97,1.84632,2.40721,4.4478,0.541214
rtx4090,RTX 4090,mid_l90,mid,90,mistral-7b-instruct-v0.2,continuous_batching,16,0.08,least_backlog,equal_resource_2xgpu_real_split,3643.14,1135.65,3.20797,314.207,85.4989,3.67499,11523.6,4868.42,2.367,16926.4,9270.78,1.82578,2.36483,4.3148,0.548073
rtx4090,RTX 4090,high_l10,high,10,mistral-7b-instruct-v0.2,continuous_batching,16,0.08,least_backlog,equal_resource_2xgpu_real_split,466.341,386.155,1.20765,452.289,124.136,3.6435,12604.9,3272.18,3.85215,16652.3,6902.93,2.41236,2.40563,5.79465,0.415147
rtx4090,RTX 4090,high_l30,high,30,mistral-7b-instruct-v0.2,continuous_batching,16,0.08,least_backlog,equal_resource_2xgpu_real_split,1181.52,445.195,2.65393,1132.16,128.205,8.83084,12133.2,3542.67,3.42489,16164,7085.26,2.28135,2.4748,5.64554,0.438365
rtx4090,RTX 4090,high_l50,high,50,mistral-7b-instruct-v0.2,continuous_batching,16,0.08,least_backlog,equal_resource_2xgpu_real_split,1812.79,515.048,3.51966,1116.06,139.74,7.98671,12741.6,4053,3.14375,16833.4,7251.21,2.32146,2.37837,5.51634,0.431151
rtx4090,RTX 4090,high_l70,high,70,mistral-7b-instruct-v0.2,continuous_batching,16,0.08,least_backlog,equal_resource_2xgpu_real_split,3390.52,950.117,3.56852,891.8,120.563,7.39697,12678.3,4928.57,2.57241,16849.6,8055.55,2.09167,2.3753,4.96581,0.478331
rtx4090,RTX 4090,high_l90,high,90,mistral-7b-instruct-v0.2,continuous_batching,16,0.08,least_backlog,equal_resource_2xgpu_real_split,5033.97,2057.83,2.44625,449.199,86.6432,5.18448,12768.3,5163.88,2.47262,16965.1,8880.23,1.91044,2.35785,4.50703,0.523149
rtx4090,RTX 4090,mid_l10,mid,10,qwen2.5-7b-instruct,continuous_batching,16,0.08,least_backlog,equal_resource_2xgpu_real_split,560.394,342.92,1.63418,505.913,100.73,5.02246,10736.2,2816.09,3.81246,16248.2,8145.85,1.99466,2.46682,4.91051,0.502355
rtx4090,RTX 4090,mid_l30,mid,30,qwen2.5-7b-instruct,continuous_batching,16,0.08,least_backlog,equal_resource_2xgpu_real_split,403.587,376.15,1.07294,343.701,94.459,3.63863,9787.99,3059.41,3.19931,15080.4,8192.82,1.84069,2.65261,4.88238,0.543302
rtx4090,RTX 4090,mid_l50,mid,50,qwen2.5-7b-instruct,continuous_batching,16,0.08,least_backlog,equal_resource_2xgpu_real_split,525.291,382.048,1.37494,452.292,109.659,4.12455,9828.99,3143.07,3.12719,15147.8,8208.66,1.84534,2.64085,4.87291,0.541946
rtx4090,RTX 4090,mid_l70,mid,70,qwen2.5-7b-instruct,continuous_batching,16,0.08,least_backlog,equal_resource_2xgpu_real_split,1603.05,473.072,3.3886,506.928,98.8934,5.126,9464.28,3357.45,2.81889,14800,8220.58,1.80036,2.70271,4.86588,0.555441
rtx4090,RTX 4090,mid_l90,mid,90,qwen2.5-7b-instruct,continuous_batching,16,0.08,least_backlog,equal_resource_2xgpu_real_split,2624.75,437.362,6.00132,261.332,74.001,3.53147,9665.51,3562.62,2.71303,14967.9,8265.2,1.81095,2.6724,4.8396,0.552195
rtx4090,RTX 4090,high_l10,high,10,qwen2.5-7b-instruct,continuous_batching,16,0.08,least_backlog,equal_resource_2xgpu_real_split,316.619,341.225,0.927888,278.485,92.8409,2.9996,10638.9,2798.69,3.80138,14675.6,6668.22,2.20083,2.72562,5.99861,0.454374
rtx4090,RTX 4090,high_l30,high,30,qwen2.5-7b-instruct,continuous_batching,16,0.08,least_backlog,equal_resource_2xgpu_real_split,775.674,388.039,1.99896,724.878,109.162,6.64036,10893.1,3148.49,3.45979,14946.2,6688.26,2.23468,2.67632,5.98064,0.447497
rtx4090,RTX 4090,high_l50,high,50,qwen2.5-7b-instruct,continuous_batching,16,0.08,least_backlog,equal_resource_2xgpu_real_split,1984.44,380.629,5.21358,1495.28,107.754,13.8768,12561.9,3221.72,3.89912,16611.4,6765.39,2.45535,2.40963,5.91246,0.407551
rtx4090,RTX 4090,high_l70,high,70,qwen2.5-7b-instruct,continuous_batching,16,0.08,least_backlog,equal_resource_2xgpu_real_split,2555.99,509.249,5.01914,618.367,103.535,5.97256,10966.4,3534.39,3.10278,15072.9,6869.05,2.19432,2.65378,5.82325,0.455722
rtx4090,RTX 4090,high_l90,high,90,qwen2.5-7b-instruct,continuous_batching,16,0.08,least_backlog,equal_resource_2xgpu_real_split,4016.8,503.001,7.98567,370.389,95.8664,3.8636,10994.8,4067.84,2.70286,15068.5,7032.84,2.14259,2.65459,5.69038,0.466504
rtx5090,RTX 5090,mid_l10,mid,10,baichuan2-7b-chat,continuous_batching,16,0.08,least_backlog,equal_resource_2xgpu_real_split,227.45,369.339,0.615828,201.877,108.935,1.8532,8791.91,3284.94,2.67643,14132.5,8439.53,1.67457,2.83042,4.7444,0.596582
rtx5090,RTX 5090,mid_l30,mid,30,baichuan2-7b-chat,continuous_batching,16,0.08,least_backlog,equal_resource_2xgpu_real_split,305.505,383.97,0.795649,230.996,100.15,2.30651,8977.5,3435.55,2.61312,14232.9,8589.61,1.65699,2.81039,4.65679,0.603504
rtx5090,RTX 5090,mid_l50,mid,50,baichuan2-7b-chat,continuous_batching,16,0.08,least_backlog,equal_resource_2xgpu_real_split,374.753,429.382,0.872773,337.042,120.298,2.80174,8952.72,3731.15,2.39945,14241.4,8948.63,1.59146,2.80871,4.46997,0.62835
rtx5090,RTX 5090,mid_l70,mid,70,baichuan2-7b-chat,continuous_batching,16,0.08,least_backlog,equal_resource_2xgpu_real_split,929.472,447.611,2.07652,360.44,114.393,3.15089,9500.72,3786.71,2.50897,14867,8746.31,1.6998,2.69297,4.57337,0.588837
rtx5090,RTX 5090,mid_l90,mid,90,baichuan2-7b-chat,continuous_batching,16,0.08,least_backlog,equal_resource_2xgpu_real_split,1568.34,810.891,1.9341,204.238,99.3162,2.05644,9038.22,4518.9,2.00009,14249.8,8999.84,1.58334,2.80705,4.44454,0.631574
rtx5090,RTX 5090,high_l10,high,10,baichuan2-7b-chat,continuous_batching,16,0.08,least_backlog,equal_resource_2xgpu_real_split,230.872,379.28,0.608713,195,124.076,1.57162,10082.7,3487.18,2.89137,14140.6,7338.87,1.92681,2.82881,5.45062,0.518988
rtx5090,RTX 5090,high_l30,high,30,baichuan2-7b-chat,continuous_batching,16,0.08,least_backlog,equal_resource_2xgpu_real_split,579.93,400.221,1.44903,546.774,115.124,4.74945,10121.9,3558.92,2.84408,14117.5,7304.9,1.93261,2.83336,5.47578,0.517435
rtx5090,RTX 5090,high_l50,high,50,baichuan2-7b-chat,continuous_batching,16,0.08,least_backlog,equal_resource_2xgpu_real_split,605.207,458.62,1.31963,418.429,108.192,3.86746,10161.9,3552.2,2.86074,14199.9,7045.77,2.01538,2.81693,5.67717,0.496185
rtx5090,RTX 5090,high_l70,high,70,baichuan2-7b-chat,continuous_batching,16,0.08,least_backlog,equal_resource_2xgpu_real_split,1678.42,490.037,3.42509,437.361,115.249,3.79491,10701.5,4021.5,2.66107,14758.4,7552.66,1.95407,2.71531,5.29615,0.512695
rtx5090,RTX 5090,high_l90,high,90,baichuan2-7b-chat,continuous_batching,16,0.08,least_backlog,equal_resource_2xgpu_real_split,2817.77,2110.46,1.33515,280.045,121.489,2.3051,11002.1,4805.32,2.28957,14976.5,8137.2,1.8405,2.67564,4.93391,0.542295
rtx5090,RTX 5090,mid_l10,mid,10,gemma-2-9b-it,continuous_batching,16,0.08,least_backlog,equal_resource_2xgpu_real_split,442.657,482.002,0.918373,423.868,181.292,2.33805,18663.9,5675.53,3.28848,24016.9,11005.8,2.18221,1.66552,3.63585,0.458082
rtx5090,RTX 5090,mid_l30,mid,30,gemma-2-9b-it,continuous_batching,16,0.08,least_backlog,equal_resource_2xgpu_real_split,480.791,579.76,0.829294,443.32,180.803,2.45195,20086.3,5800.84,3.46265,25423.1,10976.5,2.31614,1.57339,3.64417,0.431756
rtx5090,RTX 5090,mid_l50,mid,50,gemma-2-9b-it,continuous_batching,16,0.08,least_backlog,equal_resource_2xgpu_real_split,602.86,703.869,0.856495,516.426,183.875,2.80858,20113.4,5984.8,3.36075,25380,11304.7,2.24508,1.5784,3.53844,0.446072
rtx5090,RTX 5090,mid_l70,mid,70,gemma-2-9b-it,continuous_batching,16,0.08,least_backlog,equal_resource_2xgpu_real_split,1635.51,1570.55,1.04136,551.377,156.028,3.53384,19040.4,6335.2,3.00549,24438.3,11222.5,2.17762,1.63679,3.59143,0.455747
rtx5090,RTX 5090,mid_l90,mid,90,gemma-2-9b-it,continuous_batching,16,0.08,least_backlog,equal_resource_2xgpu_real_split,5248.6,2663.47,1.97059,2358.72,141.169,16.7085,19908.2,7463.55,2.66739,25357.1,12249.1,2.07012,1.58377,3.26555,0.484995
rtx5090,RTX 5090,high_l10,high,10,gemma-2-9b-it,continuous_batching,16,0.08,least_backlog,equal_resource_2xgpu_real_split,407.56,447.598,0.910551,405.444,140.497,2.88577,19556.4,4578.62,4.27125,23585.3,8493.7,2.77681,1.69598,4.70938,0.360129
rtx5090,RTX 5090,high_l30,high,30,gemma-2-9b-it,continuous_batching,16,0.08,least_backlog,equal_resource_2xgpu_real_split,1153.95,548.377,2.10429,1124.73,192.321,5.84816,19704.5,6257.44,3.14897,23731.2,10066.2,2.35751,1.68555,3.9745,0.42409
rtx5090,RTX 5090,high_l50,high,50,gemma-2-9b-it,continuous_batching,16,0.08,least_backlog,equal_resource_2xgpu_real_split,2097.3,897.389,2.33711,1498.03,196.567,7.62096,20039,6261.78,3.20021,24201.4,10045,2.40931,1.6528,3.98598,0.414652
rtx5090,RTX 5090,high_l70,high,70,gemma-2-9b-it,continuous_batching,16,0.08,least_backlog,equal_resource_2xgpu_real_split,2869.79,3336.62,0.860088,924.729,178.481,5.18112,20225.7,8400.77,2.4076,24390.7,12259.7,1.9895,1.64006,3.26283,0.502648
rtx5090,RTX 5090,high_l90,high,90,gemma-2-9b-it,continuous_batching,16,0.08,least_backlog,equal_resource_2xgpu_real_split,4083.73,4214.71,0.968922,464.99,156.039,2.97995,20129.3,9903.19,2.03261,24196.2,13650.4,1.77255,1.65316,2.93124,0.563979
rtx5090,RTX 5090,mid_l10,mid,10,gemma-7b-it,continuous_batching,16,0.08,least_backlog,equal_resource_2xgpu_real_split,343.044,435.823,0.787117,310.068,124.929,2.48195,11568.7,3875.36,2.9852,16847.2,9079.9,1.85544,2.38392,4.40534,0.541145
rtx5090,RTX 5090,mid_l30,mid,30,gemma-7b-it,continuous_batching,16,0.08,least_backlog,equal_resource_2xgpu_real_split,549.921,758.364,0.725141,480.578,694.99,0.691489,10517.2,4410.44,2.38461,15874.4,9133.27,1.73808,2.51978,4.3796,0.575346
rtx5090,RTX 5090,mid_l50,mid,50,gemma-7b-it,continuous_batching,16,0.08,least_backlog,equal_resource_2xgpu_real_split,830.609,1019.72,0.814547,567.81,363.333,1.56278,10488,4478.81,2.34169,15880.1,9588.3,1.6562,2.5189,4.17187,0.603781
rtx5090,RTX 5090,mid_l70,mid,70,gemma-7b-it,continuous_batching,16,0.08,least_backlog,equal_resource_2xgpu_real_split,2347.79,2656.25,0.883875,539.559,144.141,3.74327,11865.9,6471.75,1.83349,17286.7,11200.2,1.54343,2.32648,3.57175,0.651357
rtx5090,RTX 5090,mid_l90,mid,90,gemma-7b-it,continuous_batching,16,0.08,least_backlog,equal_resource_2xgpu_real_split,3928.31,5831.89,0.673592,387.154,105.435,3.67196,10875.5,9787.63,1.11115,16257.9,13265.9,1.22554,2.46037,3.02709,0.812784
rtx5090,RTX 5090,high_l10,high,10,gemma-7b-it,continuous_batching,16,0.08,least_backlog,equal_resource_2xgpu_real_split,373.857,433.115,0.863182,354.459,123.169,2.87782,11710,3855.81,3.03698,15823.7,7636.33,2.07216,2.52786,5.23813,0.482588
rtx5090,RTX 5090,high_l30,high,30,gemma-7b-it,continuous_batching,16,0.08,least_backlog,equal_resource_2xgpu_real_split,1208.59,1928.52,0.626693,1159.13,1534.42,0.755418,11735.2,5573.05,2.10571,15808.2,8377.79,1.88692,2.53034,4.77885,0.529487
rtx5090,RTX 5090,high_l50,high,50,gemma-7b-it,continuous_batching,16,0.08,least_backlog,equal_resource_2xgpu_real_split,1943.65,2379.2,0.816935,1203.77,1624.02,0.741227,11753.4,5839.71,2.01267,15939.5,9230.1,1.7269,2.5095,4.34505,0.577553
rtx5090,RTX 5090,high_l70,high,70,gemma-7b-it,continuous_batching,16,0.08,least_backlog,equal_resource_2xgpu_real_split,3597.99,4343.72,0.82832,917.187,145.38,6.30891,12337.5,6926.5,1.7812,16451.5,10437.7,1.57615,2.43312,3.83295,0.634789
rtx5090,RTX 5090,high_l90,high,90,gemma-7b-it,continuous_batching,16,0.08,least_backlog,equal_resource_2xgpu_real_split,5307.27,6662.24,0.796618,492.638,106.159,4.64055,11891.7,10700.9,1.11128,16052.5,13893.2,1.15543,2.49185,2.89935,0.859451
rtx5090,RTX 5090,mid_l10,mid,10,mistral-7b-instruct-v0.2,continuous_batching,16,0.08,least_backlog,equal_resource_2xgpu_real_split,588.626,359.918,1.63545,571.126,108.078,5.2844,10463.7,3165.75,3.30528,15735.5,8665.73,1.81583,2.55397,4.61588,0.5533
rtx5090,RTX 5090,mid_l30,mid,30,mistral-7b-instruct-v0.2,continuous_batching,16,0.08,least_backlog,equal_resource_2xgpu_real_split,328.599,433.354,0.75827,262.668,112.613,2.33249,9486.77,3695.6,2.56704,14758.3,8819.41,1.67339,2.71035,4.53639,0.59747
rtx5090,RTX 5090,mid_l50,mid,50,mistral-7b-instruct-v0.2,continuous_batching,16,0.08,least_backlog,equal_resource_2xgpu_real_split,395.532,442.408,0.894044,357.179,123.235,2.89835,10644.6,3996.33,2.6636,15890,9078.05,1.75037,2.51733,4.40623,0.571311
rtx5090,RTX 5090,mid_l70,mid,70,mistral-7b-instruct-v0.2,continuous_batching,16,0.08,least_backlog,equal_resource_2xgpu_real_split,999.436,497.123,2.01044,410.094,112.634,3.64094,10154.7,4066.96,2.49686,15457.7,8986.33,1.72013,2.59267,4.45122,0.582463
rtx5090,RTX 5090,mid_l90,mid,90,mistral-7b-instruct-v0.2,continuous_batching,16,0.08,least_backlog,equal_resource_2xgpu_real_split,1775.77,479.831,3.70083,214.397,110.776,1.93541,9542.58,4429.55,2.1543,14813.1,9095.81,1.62856,2.70041,4.39788,0.614025
rtx5090,RTX 5090,high_l10,high,10,mistral-7b-instruct-v0.2,continuous_batching,16,0.08,least_backlog,equal_resource_2xgpu_real_split,259.666,392.521,0.661534,215.244,113.732,1.89255,10603.2,3562.31,2.9765,14656.6,7450.34,1.96725,2.72914,5.36889,0.508325
rtx5090,RTX 5090,high_l30,high,30,mistral-7b-instruct-v0.2,continuous_batching,16,0.08,least_backlog,equal_resource_2xgpu_real_split,501.699,410.236,1.22295,472.877,119.725,3.9497,10695.1,3559.28,3.00484,14696.1,7068.65,2.07905,2.72183,5.66283,0.480647
rtx5090,RTX 5090,high_l50,high,50,mistral-7b-instruct-v0.2,continuous_batching,16,0.08,least_backlog,equal_resource_2xgpu_real_split,724.586,416.577,1.73938,472.056,120.676,3.91177,10702,3564.75,3.00217,14757.4,6883.21,2.14397,2.71051,5.81125,0.466425
rtx5090,RTX 5090,high_l70,high,70,mistral-7b-instruct-v0.2,continuous_batching,16,0.08,least_backlog,equal_resource_2xgpu_real_split,1847.66,459.19,4.02375,486.531,115.659,4.20659,10611,4105.06,2.58486,14704.9,7795.33,1.88638,2.72022,5.13128,0.530124
rtx5090,RTX 5090,high_l90,high,90,mistral-7b-instruct-v0.2,continuous_batching,16,0.08,least_backlog,equal_resource_2xgpu_real_split,2999.7,526.175,5.70095,275.388,117.945,2.33489,10764.3,4436.82,2.42614,14863.1,7839.38,1.89596,2.69129,5.10248,0.527447
rtx5090,RTX 5090,mid_l10,mid,10,qwen2.5-7b-instruct,continuous_batching,16,0.08,least_backlog,equal_resource_2xgpu_real_split,528.561,332.464,1.58983,493.39,111.947,4.40734,8585.28,3207.06,2.677,14004.7,8556.36,1.63677,2.86356,4.67506,0.612518
rtx5090,RTX 5090,mid_l30,mid,30,qwen2.5-7b-instruct,continuous_batching,16,0.08,least_backlog,equal_resource_2xgpu_real_split,273.62,358.419,0.763408,174.988,111.236,1.57313,8594.16,3312.23,2.59467,13752.2,8528.46,1.6125,2.91281,4.69024,0.621036
rtx5090,RTX 5090,mid_l50,mid,50,qwen2.5-7b-instruct,continuous_batching,16,0.08,least_backlog,equal_resource_2xgpu_real_split,322.518,373.597,0.863278,279.462,134.207,2.08232,7989.26,3379.35,2.36414,13236.4,8644.52,1.53118,3.02202,4.62721,0.653097
rtx5090,RTX 5090,mid_l70,mid,70,qwen2.5-7b-instruct,continuous_batching,16,0.08,least_backlog,equal_resource_2xgpu_real_split,701.728,446.122,1.57295,306.213,103.42,2.96088,8710.04,3536.11,2.46317,13989.3,8717.75,1.60469,2.86528,4.58839,0.624464
rtx5090,RTX 5090,mid_l90,mid,90,qwen2.5-7b-instruct,continuous_batching,16,0.08,least_backlog,equal_resource_2xgpu_real_split,1025.82,388.294,2.64187,164.117,88.0292,1.86434,8139.14,3710.63,2.19346,13345,8861.29,1.50598,2.99758,4.51443,0.664001
rtx5090,RTX 5090,high_l10,high,10,qwen2.5-7b-instruct,continuous_batching,16,0.08,least_backlog,equal_resource_2xgpu_real_split,204.727,330.598,0.619263,169.884,100.699,1.68705,9154.02,3145.91,2.90981,13195,7116.91,1.85404,3.03145,5.62042,0.539363
rtx5090,RTX 5090,high_l30,high,30,qwen2.5-7b-instruct,continuous_batching,16,0.08,least_backlog,equal_resource_2xgpu_real_split,314.828,359.937,0.874675,276.452,102.888,2.68693,9130.2,3322.9,2.74766,13129.1,7123.96,1.84295,3.04669,5.61486,0.542611
rtx5090,RTX 5090,high_l50,high,50,qwen2.5-7b-instruct,continuous_batching,16,0.08,least_backlog,equal_resource_2xgpu_real_split,388.256,401.953,0.965923,350.952,121.167,2.89642,9205.92,3502.09,2.62869,13198.3,7283.76,1.81202,3.03071,5.49171,0.55187
rtx5090,RTX 5090,high_l70,high,70,qwen2.5-7b-instruct,continuous_batching,16,0.08,least_backlog,equal_resource_2xgpu_real_split,1145.89,439.206,2.609,382.309,97.66,3.9147,9163.08,3408.38,2.6884,13200.9,7138.76,1.84919,3.03018,5.60324,0.540792
rtx5090,RTX 5090,high_l90,high,90,qwen2.5-7b-instruct,continuous_batching,16,0.08,least_backlog,equal_resource_2xgpu_real_split,2128.42,427.693,4.97653,244.335,90.0426,2.71354,9389.62,3802.77,2.46915,13350.6,7394.55,1.80546,2.99622,5.40942,0.55389
