gui_time_s,gr_active
3.501584708,22.0
3.5017101150000003,100.0
3.501835491,100.0
3.501960899,100.0
3.502086307,100.0
3.502211683,100.0
3.5023370910000002,100.0
3.502462531,100.0
3.502587938,100.0
3.502713346,100.0
3.502838754,100.0
3.502964162,100.0
3.5030895380000002,100.0
3.503214913,100.0
3.503340321,100.0
3.503465729,80.0
3.503591105,36.0
3.503716513,100.0
3.5038419210000002,100.0
3.503967329,100.0
3.504092768,100.0
3.504218176,100.0
3.504343616,100.0
3.504469024,100.0
3.5045944,100.0
3.504719776,100.0
3.504845184,100.0
3.504970591,100.0
3.505095967,100.0
3.505221407,100.0
3.505346847,100.0
3.505472255,48.0
3.505597694,0.0
3.505723134,0.0
3.5058486060000003,0.0
3.505974046,0.0
3.50609955,0.0
3.50622499,0.0
3.5063504930000002,0.0
3.506475901,0.0
3.506601341,0.0
3.5067267490000003,0.0
3.506852189,0.0
3.506977597,0.0
3.507103068,0.0
3.507228476,0.0
3.507353916,0.0
3.507479356,0.0
3.507604796,0.0
3.507730204,0.0
3.507855644,0.0
3.507981083,0.0
3.508106523,0.0
3.508231931,0.0
3.508357403,0.0
3.508482811,0.0
3.508608251,0.0
3.5087336590000002,0.0
3.5088590980000003,0.0
3.508984474,0.0
3.509109914,0.0
3.509235322,0.0
3.509360794,0.0
3.509486234,0.0
3.509611642,0.0
3.509737049,0.0
3.509862457,0.0
3.5099878970000002,0.0
3.510113273,0.0
3.510238681,0.0
3.510364089,0.0
3.510489496,0.0
3.510614904,0.0
3.5107402800000003,0.0
3.510865688,0.0
3.510991064,0.0
3.5111164710000002,0.0
3.511241847,0.0
3.511367223,0.0
3.511492631,0.0
3.511618039,0.0
3.511743415,0.0
3.5118688540000003,0.0
3.511994262,0.0
3.512119734,0.0
3.5122451100000003,0.0
3.512370518,0.0
3.512495925,0.0
3.5126213330000002,0.0
3.512746774,0.0
3.512872181,0.0
3.5129975570000003,0.0
3.513122965,0.0
3.513248341,0.0
3.513373749,0.0
3.513499156,0.0
3.513624564,0.0
3.5137499720000003,0.0
3.51387538,0.0
3.514000788,0.0
3.514126196,0.0
3.514251603,0.0
3.514376979,0.0
3.5145023870000003,0.0
3.514627763,0.0
3.514753139,0.0
3.514878547,0.0
3.515003923,0.0
3.515129298,0.0
3.515254674,0.0
3.51538005,0.0
3.5155054900000002,0.0
3.515630866,0.0
3.515756305,0.0
3.515881713,0.0
3.516007121,0.0
3.516132561,0.0
3.516258001,0.0
3.516383409,0.0
3.516508817,0.0
3.516634192,0.0
3.5167596,0.0
3.516885008,0.0
3.517010416,0.0
3.517135792,0.0
3.517261231,0.0
3.517386607,0.0
3.517512015,0.0
3.517637423,0.0
3.5177627670000002,0.0
3.517888143,0.0
3.518013519,0.0
3.518138927,0.0
3.518264334,0.0
3.518389742,0.0
3.5185151180000003,0.0
3.518640494,0.0
3.518765902,0.0
3.5188913090000002,0.0
3.519016685,0.0
3.519142061,0.0
3.519267469,0.0
3.519392845,0.0
3.519518252,0.0
3.519643628,0.0
3.519769036,0.0
3.519894444,0.0
3.520019788,0.0
3.520145196,0.0
3.5202705720000003,0.0
3.520395979,0.0
3.520521355,0.0
3.5206467630000002,0.0
3.520772171,0.0
3.520897579,0.0
3.5210229870000003,0.0
3.521148395,0.0
3.521273802,0.0
3.5213991780000002,0.0
3.521524586,0.0
3.521649962,0.0
3.521775338,0.0
3.521900746,0.0
3.522026153,0.0
3.5221515930000002,0.0
3.522277001,0.0
3.522402441,0.0
3.5225278490000003,0.0
3.522653289,0.0
3.522778697,0.0
3.522904136,0.0
3.523029608,0.0
3.523155016,0.0
3.523280488,0.0
3.523405928,0.0
3.523531399,0.0
3.523656871,0.0
3.523782311,0.0
3.5239077830000003,0.0
3.524033255,0.0
3.524158695,0.0
3.524284134,0.0
3.524409574,0.0
3.524535046,0.0
3.524660486,0.0
3.5247859260000003,0.0
3.524911334,0.0
3.525036773,0.0
3.5251621810000002,0.0
3.525287589,0.0
3.525413029,0.0
3.5255384690000002,0.0
3.525663909,0.0
3.52578938,0.0
3.525914788,0.0
3.5260402280000003,0.0
3.526165668,0.0
3.526291076,0.0
3.526416484,0.0
3.526541892,0.0
3.526667332,0.0
3.5267927390000002,0.0
3.526918147,0.0
3.527043619,0.0
3.5271690270000002,0.0
3.527294499,0.0
3.527419939,0.0
3.52754541,0.0
3.5276708500000002,0.0
3.527796322,0.0
3.527921762,0.0
3.528047202,0.0
3.528172642,0.0
3.52829805,0.0
3.528423489,0.0
3.5285489290000003,0.0
3.528674401,0.0
3.528799905,0.0
3.528925377,0.0
3.5290508480000002,0.0
3.52917632,0.0
3.529301792,0.0
3.529427264,0.0
3.529552736,0.0
3.529678176,0.0
3.529803647,0.0
3.529929119,0.0
3.530054591,0.0
3.530180031,0.0
3.530305439,0.0
3.530430879,0.0
3.530556319,0.0
3.530681726,0.0
3.530807166,0.0
3.530932606,0.0
3.531058078,0.0
3.531183518,0.0
3.5313089890000002,0.0
3.531434429,0.0
3.531559837,0.0
3.531685309,0.0
3.531810781,0.0
3.531936253,0.0
3.532061693,0.0
3.5321871000000002,0.0
3.53231254,0.0
3.532437948,0.0
3.5325633560000003,0.0
3.532688796,0.0
3.532814204,0.0
3.532939643,0.0
3.533065083,0.0
3.533190427,0.0
3.5333158350000002,0.0
3.533441243,0.0
3.533566651,0.0
3.5336921230000002,0.0
3.533817562,0.0
3.533943034,0.0
3.534068474,0.0
3.5341939460000003,0.0
3.534319418,0.0
3.534444857,0.0
3.534570265,0.0
3.534695705,0.0
3.534821145,0.0
3.534946585,0.0
3.535071993,0.0
3.535197432,0.0
3.53532284,0.0
3.53544828,0.0
3.535573752,0.0
3.535699224,0.0
3.535824632,0.0
3.535950104,0.0
3.536075544,0.0
3.536201015,0.0
3.536326519,0.0
3.536451991,0.0
3.536577495,0.0
3.536702935,0.0
3.536828342,0.0
3.53695375,0.0
3.53707919,0.0
3.53720463,0.0
3.53733007,0.0
3.53745551,0.0
3.537580886,0.0
3.5377063250000003,0.0
3.537831733,0.0
3.537957173,0.0
3.5380825810000003,0.0
3.538207989,0.0
3.538333428,0.0
3.538458836,0.0
3.538584244,0.0
3.538709652,0.0
3.5388350920000002,0.0
3.5389605,0.0
3.539085907,0.0
3.5392113480000003,0.0
3.539336787,0.0
3.539462227,0.0
3.539587667,0.0
3.539713075,0.0
3.539838483,0.0
3.539963922,0.0
3.540089363,0.0
3.540214802,0.0
3.540340242,0.0
3.5404656820000002,0.0
3.54059109,0.0
3.540716562,0.0
3.540842001,0.0
3.5409674090000003,0.0
3.541092881,0.0
3.541218353,0.0
3.5413437610000003,0.0
3.541469233,0.0
3.541594704,0.0
3.541720112,0.0
3.54184552,0.0
3.541970928,0.0
3.542096368,0.0
3.542221871,0.0
3.542347279,0.0
3.542472687,0.0
3.542598127,0.0
3.542723535,0.0
3.542848975,0.0
3.542974447,0.0
3.5430998860000003,0.0
3.543225358,0.0
3.543350798,0.0
3.5434762380000002,0.0
3.54360171,0.0
3.54372715,0.0
3.54385259,0.0
3.5439779970000003,0.0
3.544103469,0.0
3.544228909,0.0
3.5443543490000002,0.0
3.544479757,0.0
3.544605197,0.0
3.544730668,0.0
3.5448561080000003,0.0
3.544981516,0.0
3.545106988,0.0
3.5452323960000003,0.0
3.545357804,0.0
3.545483243,0.0
3.545608683,0.0
3.545734187,0.0
3.545859627,0.0
3.545985099,0.0
3.5461105710000003,0.0
3.546236042,0.0
3.546361482,0.0
3.546486922,0.0
3.5466123940000003,0.0
3.546737866,0.0
3.546863306,0.0
3.546988745,0.0
3.547114218,0.0
3.547239657,0.0
3.547365097,0.0
3.5474905370000003,0.0
3.547615945,0.0
3.547741384,0.0
3.547866856,0.0
3.5479923600000003,0.0
3.548117768,0.0
3.54824324,0.0
3.5483686800000003,0.0
3.548494184,0.0
3.548619655,0.0
3.548745095,0.0
3.5488705350000003,0.0
3.548995943,0.0
3.549121383,0.0
3.5492468550000003,0.0
3.549372327,0.0
3.549497766,0.0
3.549623206,0.0
3.5497486460000003,0.0
3.549874054,0.0
3.549999526,0.0
3.550124997,0.0
3.550250469,0.0
3.550375877,0.0
3.550501349,0.0
3.5506267890000003,0.0
3.550752197,0.0
3.550877636,0.0
3.551003076,0.0
3.55112858,0.0
3.551253988,0.0
3.551379428,0.0
3.551504836,0.0
3.551630276,0.0
3.551755715,0.0
3.551881187,0.0
3.552006627,0.0
3.552132099,0.0
3.552257539,0.0
3.5523830100000002,0.0
3.552508482,0.0
3.55263389,0.0
3.552759362,0.0
3.55288477,0.0
3.55301021,0.0
3.553135617,0.0
3.553260993,0.0
3.553386401,0.0
3.553511841,0.0
3.553637249,0.0
3.553762657,0.0
3.553888096,0.0
3.554013537,0.0
3.554139008,0.0
3.554264416,0.0
3.5543898240000003,0.0
3.554515264,0.0
3.554640768,0.0
3.554766207,0.0
3.5548916470000003,0.0
3.555017055,0.0
3.555142527,0.0
3.5552679670000003,0.0
3.555393439,0.0
3.555518879,0.0
3.5556442870000002,0.0
3.5557697900000003,0.0
3.555895262,0.0
3.556020702,0.0
3.5561461420000002,0.0
3.556271581,0.0
3.556396989,0.0
3.556522429,0.0
3.556647837,0.0
3.556773309,0.0
3.556898749,0.0
3.557024188,0.0
3.557149661,0.0
3.557275132,0.0
3.557400636,0.0
3.5575260440000003,0.0
3.557651484,0.0
3.557776924,0.0
3.5579023960000002,0.0
3.558027804,0.0
3.558153243,0.0
3.558278683,0.0
3.558404059,0.0
3.558529467,0.0
3.558654907,0.0
3.5587803780000002,0.0
3.558905818,0.0
3.559031258,0.0
3.5591566660000002,0.0
3.559282042,0.0
3.559407449,0.0
3.559532857,0.0
3.559658297,0.0
3.559783673,0.0
3.5599091130000002,0.0
3.560034521,0.0
3.560159961,0.0
3.5602853690000003,0.0
3.56041084,0.0
3.56053628,0.0
3.560661688,0.0
3.560787096,0.0
3.560912503,0.0
3.561037944,0.0
3.5611633830000002,0.0
3.561288823,0.0
3.561414231,0.0
3.5615396710000002,0.0
3.561665079,0.0
3.561790486,0.0
3.561915926,0.0
3.562041334,0.0
3.562166742,0.0
3.562292182,0.0
3.562417622,0.0
3.56254303,0.0
3.562668438,0.0
3.562793813,0.0
3.562919221,0.0
3.563044597,0.0
3.563170037,0.0
3.563295413,0.0
3.56342082,0.0
3.563546228,0.0
3.563671604,0.0
3.563797044,0.0
3.563922452,0.0
3.56404786,0.0
3.5641732360000002,0.0
3.564298675,0.0
3.564424115,0.0
3.564549555,0.0
3.564674995,0.0
3.564800435,0.0
3.564925875,0.0
3.565051314,0.0
3.565176786,0.0
3.565302258,0.0
3.565427698,0.0
3.5655531700000003,0.0
3.56567861,0.0
3.565804049,0.0
3.565929425,0.0
3.566054865,0.0
3.566180305,0.0
3.566305713,0.0
3.566431121,0.0
3.566556528,0.0
3.566681936,0.0
3.566807344,0.0
3.566932784,0.0
3.567058192,0.0
3.5671836310000002,0.0
3.567309072,0.0
3.567434447,0.0
3.567559823,0.0
3.567685231,0.0
3.567810671,0.0
3.567936079,0.0
3.568061486,0.0
3.568186894,0.0
3.5683123020000003,0.0
3.568437742,0.0
3.568563118,0.0
3.568688526,0.0
3.568813934,0.0
3.568939405,0.0
3.5690648130000002,0.0
3.569190189,0.0
3.569315597,0.0
3.5694410050000003,0.0
3.569566413,0.0
3.569691852,0.0
3.569817292,0.0
3.569942732,0.0
3.570068108,0.0
3.5701935160000002,0.0
3.570318891,0.0
3.570444299,0.0
3.570569739,0.0
3.570695147,0.0
3.570820491,0.0
3.5709458990000003,0.0
3.571071307,0.0
3.571196715,0.0
3.571322091,0.0
3.57144753,0.0
3.571572938,0.0
3.5716983460000002,0.0
3.571823721,0.0
3.571949097,0.0
3.5720745050000002,0.0
3.572199913,0.0
3.572325321,0.0
3.5724507930000002,0.0
3.572576233,0.0
3.572701673,0.0
3.572827112,0.0
3.5729525200000003,0.0
3.57307796,0.0
3.573203368,0.0
3.573328776,0.0
3.573454152,0.0
3.573579559,0.0
3.5737049990000003,0.0
3.573830439,0.0
3.573955879,0.0
3.5740812870000003,0.0
3.574206695,0.0
3.574332103,0.0
3.574457511,0.0
3.57458295,0.0
3.574708358,0.0
3.5748337980000002,0.0
3.574959206,0.0
3.575084614,0.0
3.575210021,0.0
3.575335429,0.0
3.575460837,0.0
3.575586245,0.0
3.575711685,0.0
3.575837124,0.0
3.575962532,0.0
3.57608794,0.0
3.576213316,0.0
3.576338724,0.0
3.576464132,0.0
3.57658954,0.0
3.5767149160000002,0.0
3.576840355,0.0
3.576965763,0.0
3.577091139,0.0
3.577216579,0.0
3.577341987,0.0
3.577467426,0.0
3.5775928660000003,0.0
3.577718274,0.0
3.577843714,0.0
3.5779691220000003,0.0
3.578094498,0.0
3.578219905,0.0
3.5783453130000002,0.0
3.578470721,0.0
3.578596161,0.0
3.5787215690000003,0.0
3.578847009,0.0
3.578972416,0.0
3.579097824,0.0
3.579223296,0.0
3.579348704,0.0
3.579474144,0.0
3.579599584,0.0
3.579725023,0.0
3.579850463,0.0
3.5799758710000003,0.0
3.580101311,0.0
3.580226687,0.0
3.5803520950000003,0.0
3.580477502,0.0
3.580602878,0.0
3.5807283180000002,0.0
3.580853758,0.0
3.580979198,0.0
3.5811046380000002,0.0
3.581230078,0.0
3.581355485,0.0
3.581480925,0.0
3.581606333,0.0
3.581731773,0.0
3.581857245,0.0
3.5819826850000003,0.0
3.582108092,0.0
3.5822335,0.0
3.5823588760000002,0.0
3.582484284,0.0
3.582609692,0.0
3.582735067,0.0
3.582860508,0.0
3.582985916,0.0
3.5831113230000002,0.0
3.583236731,0.0
3.583362107,0.0
3.583487515,0.0
3.583612891,0.0
3.583738266,0.0
3.5838636740000003,0.0
3.583989082,0.0
3.58411449,0.0
3.584239898,0.0
3.584365273,0.0
3.584490681,0.0
3.5846161210000003,0.0
3.584741529,0.0
3.584866937,0.0
3.584992313,0.0
3.58511772,0.0
3.585243128,0.0
3.5853685360000003,0.0
3.585493912,0.0
3.585619352,0.0
3.585744792,0.0
3.585870199,0.0
3.585995575,0.0
3.5861209830000003,0.0
3.586246391,0.0
3.586371799,0.0
3.586497175,0.0
3.586622583,0.0
3.586747991,0.0
3.586873367,0.0
3.586998774,0.0
3.587124182,0.0
3.58724959,0.0
3.587374998,0.0
3.587500405,0.0
3.5876258130000003,0.0
3.587751253,0.0
3.587876661,0.0
3.588002037,0.0
3.588127445,0.0
3.588252852,0.0
3.5883782280000003,0.0
3.588503636,0.0
3.588629044,0.0
3.588754452,0.0
3.58887986,0.0
3.589005268,0.0
3.589130644,0.0
3.589256052,0.0
3.589381427,0.0
3.589506867,0.0
3.589632275,0.0
3.589757715,0.0
3.589883123,0.0
3.590008531,0.0
3.590133906,0.0
3.590259314,0.0
3.590384722,0.0
3.590510162,0.0
3.5906355370000003,0.0
3.590760945,0.0
3.590886321,0.0
3.591011697,0.0
3.591137041,0.0
3.5912624490000002,0.0
3.591387825,0.0
3.591513232,0.0
3.59163864,0.0
3.591764048,0.0
3.591889456,0.0
3.5920148320000003,0.0
3.59214024,0.0
3.59226568,0.0
3.592391119,0.0
3.592516559,0.0
3.592641999,0.0
3.592767471,0.0
3.592892911,0.0
3.593018383,0.0
3.593143886,0.0
3.593269326,0.0
3.593394734,0.0
3.593520142,0.0
3.59364555,0.0
3.59377099,0.0
3.593896398,0.0
3.594021869,0.0
3.5941472770000003,0.0
3.594272653,0.0
3.594398093,0.0
3.5945235330000003,0.0
3.59464894,0.0
3.594774348,0.0
3.5948997560000002,0.0
3.595025196,0.0
3.595150604,0.0
3.595276043,0.0
3.595401451,0.0
3.595526859,0.0
3.595652299,0.0
3.595777707,0.0
3.595903083,0.0
3.5960284590000002,0.0
3.596153866,0.0
3.596279242,0.0
3.596404618,0.0
3.596530026,0.0
3.596655402,0.0
3.5967807780000003,0.0
3.596906186,0.0
3.597031593,0.0
3.5971570330000002,0.0
3.597282409,0.0
3.597407817,0.0
3.5975332250000003,0.0
3.597658633,0.0
3.597784072,0.0
3.5979094480000002,0.0
3.598034888,0.0
3.598160296,0.0
3.5982856720000003,0.0
3.59841108,0.0
3.598536455,0.0
3.5986618630000002,0.0
3.598787271,0.0
3.598912679,0.0
3.5990380550000003,0.0
3.599163463,0.0
3.599288839,0.0
3.5994142460000003,0.0
3.599539622,0.0
3.59966503,0.0
3.599790406,0.0
3.599915814,0.0
3.6000411900000002,0.0
3.600166565,0.0
3.600291973,0.0
3.600417381,0.0
3.600542757,0.0
3.600668133,0.0
3.60079354,0.0
3.600918916,0.0
3.601044324,0.0
3.6011697000000003,0.0
3.601295076,0.0
3.601420452,0.0
3.60154586,0.0
3.601671267,0.0
3.601796643,0.0
3.601922019,0.0
3.602047427,0.0
3.602172803,0.0
3.602298211,0.0
3.602423586,0.0
3.602548994,0.0
3.602674402,0.0
3.602799842,0.0
3.602925218,0.0
3.603050594,0.0
3.603175969,0.0
3.603301377,0.0
3.603426817,0.0
3.603552193,0.0
3.6036776010000002,0.0
3.603803009,0.0
3.603928448,0.0
3.604053856,0.0
3.604179264,0.0
3.60430464,0.0
3.604430048,0.0
3.604555456,0.0
3.604680864,0.0
3.604806271,0.0
3.604931711,0.0
3.605057087,0.0
3.605182495,0.0
3.605307903,0.0
3.605433311,0.0
3.60555875,0.0
3.605684126,0.0
3.605809566,0.0
3.605934974,0.0
3.606060382,0.0
3.60618579,0.0
3.606311197,0.0
3.606436605,0.0
3.606561981,0.0
3.606687389,0.0
3.606812797,0.0
3.606938205,0.0
3.6070636130000002,0.0
3.607188988,0.0
3.607314364,0.0
3.6074397400000002,0.0
3.607565148,0.0
3.607690556,0.0
3.6078159640000003,0.0
3.60794134,0.0
3.608066683,0.0
3.6081920910000003,0.0
3.608317467,0.0
3.608442843,0.0
3.6085682500000003,0.0
3.608693658,0.0
3.608819034,0.0
3.6089444740000003,0.0
3.609069882,0.0
3.60919529,0.0
3.609320666,0.0
3.609446073,0.0
3.609571481,0.0
3.609696857,0.0
3.609822265,0.0
3.609947673,0.0
3.610073049,0.0
3.610198456,0.0
3.610323832,0.0
3.610449208,0.0
3.610574616,0.0
3.6106999920000002,0.0
3.610825367,0.0
3.610950712,0.0
3.6110760870000003,0.0
3.611201495,0.0
3.611326871,0.0
3.611452311,0.0
3.611577719,0.0
3.611703191,0.0
3.6118285660000002,0.0
3.611954006,0.0
3.612079414,0.0
3.6122048220000003,0.0
3.612330262,0.0
3.61245567,0.0
3.612581077,0.0
3.612706517,0.0
3.612831957,0.0
3.612957333,0.0
3.613082741,0.0
3.61320818,0.0
3.613333588,0.0
3.6134590280000003,0.0
3.613584468,0.0
3.613709908,0.0
3.6138353480000003,0.0
3.613960756,0.0
3.614086163,0.0
3.6142115710000002,0.0
3.614336979,0.0
3.614462355,0.0
3.614587731,0.0
3.614713107,0.0
3.614838482,0.0
3.614963858,0.0
3.615089266,0.0
3.615214674,0.0
3.615340082,0.0
3.61546549,0.0
3.61559093,0.0
3.6157163370000003,0.0
3.615841681,0.0
3.615967089,0.0
3.616092465,0.0
3.616217841,0.0
3.6163432490000003,0.0
3.616468625,0.0
3.616594,0.0
3.6167193760000003,0.0
3.616844784,0.0
3.61697016,0.0
3.617095568,0.0
3.617221007,0.0
3.617346415,0.0
3.6174718550000002,0.0
3.617597263,0.0
3.617722639,0.0
3.617848015,0.0
3.617973455,0.0
3.618098894,0.0
3.6182243020000002,0.0
3.618349742,0.0
3.61847515,0.0
3.6186005580000002,0.0
3.618725997,0.0
3.618851438,0.0
3.618976845,0.0
3.619102285,0.0
3.619227693,0.0
3.619353133,0.0
3.619478541,0.0
3.61960398,0.0
3.61972942,0.0
3.6198548280000002,0.0
3.619980268,0.0
3.620105708,0.0
3.6202311480000002,0.0
3.620356587,0.0
3.620481995,0.0
3.620607403,0.0
3.620732811,0.0
3.620858251,0.0
3.620983723,0.0
3.621109131,0.0
3.621234538,0.0
3.621359946,0.0
3.6214853540000003,0.0
3.621610762,0.0
3.621736138,0.0
3.621861578,0.0
3.621986953,0.0
3.622112361,0.0
3.6222377690000003,0.0
3.622363145,0.0
3.622488553,0.0
3.622613929,0.0
3.622739368,0.0
3.622864776,0.0
3.6229901840000003,0.0
3.62311556,0.0
3.623240968,0.0
3.623366376,0.0
3.623491784,0.0
3.623617159,0.0
3.623742535,0.0
3.623867943,0.0
3.623993383,0.0
3.624118791,0.0
3.624244198,0.0
3.624369638,0.0
3.6244950460000003,0.0
3.624620454,0.0
3.62474583,0.0
3.62487127,0.0
3.62499671,0.0
3.625122149,0.0
3.6252475250000002,0.0
3.625372933,0.0
3.625498341,0.0
3.6256237490000003,0.0
3.625749156,0.0
3.625874532,0.0
3.6259999400000003,0.0
3.626125348,0.0
3.626250788,0.0
3.6263762280000003,0.0
3.626501635,0.0
3.626627043,0.0
3.626752451,0.0
3.626877859,0.0
3.627003267,0.0
3.6271287070000002,0.0
3.627254147,0.0
3.627379523,0.0
3.62750493,0.0
3.627630338,0.0
3.627755746,0.0
3.627881154,0.0
3.62800653,0.0
3.628131937,0.0
3.628257345,0.0
3.628382785,0.0
3.628508193,0.0
3.6286335690000002,0.0
3.628759009,0.0
3.628884416,0.0
3.629009856,0.0
3.6291352960000003,0.0
3.629260736,0.0
3.629386176,0.0
3.6295115840000003,0.0
3.629637023,0.0
3.629762463,0.0
3.6298878390000002,0.0
3.630013247,0.0
3.630138655,0.0
3.6302640950000002,0.0
3.630389502,0.0
3.63051491,0.0
3.63064035,0.0
3.630765758,0.0
3.630891198,0.0
3.631016574,0.0
3.631141981,0.0
3.631267389,0.0
3.631392797,0.0
3.631518173,0.0
3.631643613,0.0
3.631769053,0.0
3.6318944600000003,0.0
3.632019901,0.0
3.632145309,0.0
3.6322707800000003,0.0
3.63239622,0.0
3.63252166,0.0
3.6326470680000003,0.0
3.632772475,0.0
3.632897883,0.0
3.633023323,0.0
3.633148763,0.0
3.633274171,0.0
3.633399611,0.0
3.633525051,0.0
3.63365049,0.0
3.63377593,0.0
3.6339013380000003,0.0
3.63402681,0.0
3.634152218,0.0
3.6342776260000003,0.0
3.634403065,0.0
3.634528473,0.0
3.634653913,0.0
3.634779353,0.0
3.634904825,0.0
3.635030361,0.0
3.635155865,0.0
3.6352814,0.0
3.635406872,0.0
3.63553228,0.0
3.63565772,0.0
3.63578316,0.0
3.635908664,0.0
3.636034103,0.0
3.636159607,0.0
3.636285079,0.0
3.636410551,0.0
3.636535991,0.0
3.636661462,0.0
3.636786902,0.0
3.636912342,0.0
3.637037814,0.0
3.637163254,0.0
3.637288694,0.0
3.637414134,0.0
3.6375395740000003,0.0
3.6376650770000003,0.0
3.637790581,0.0
3.637916053,0.0
3.6380414930000002,0.0
3.638166933,0.0
3.638292437,0.0
3.63841794,0.0
3.638543412,0.0
3.638668916,0.0
3.638794388,0.0
3.638919892,0.0
3.6390453640000002,0.0
3.639170868,0.0
3.639296371,0.0
3.639421875,0.0
3.639547315,0.0
3.6396727870000003,0.0
3.639798227,0.0
3.639923698,0.0
3.640049138,0.0
3.640174578,0.0
3.640299954,0.0
3.640425426,0.0
3.640550866,0.0
3.640676305,0.0
3.640801745,0.0
3.6409271850000002,0.0
3.641052625,0.0
3.641178065,0.0
3.641303505,0.0
3.641428977,0.0
3.641554448,0.0
3.641679888,0.0
3.6418053280000002,0.0
3.6419308,0.0
3.64205624,0.0
3.642181679,0.0
3.6423071510000002,0.0
3.642432623,0.0
3.642558095,0.0
3.642683599,0.0
3.6428090390000003,0.0
3.642934542,0.0
3.643059982,0.0
3.643185454,0.0
3.643310862,0.0
3.643436334,0.0
3.643561806,0.0
3.6436872460000003,0.0
3.643812685,0.0
3.643938157,0.0
3.644063629,0.0
3.6441891010000003,0.0
3.644314573,0.0
3.644440013,0.0
3.644565484,0.0
3.6446909560000003,0.0
3.644816396,0.0
3.644941836,0.0
3.6450673080000002,0.0
3.645192748,0.0
3.645318156,0.0
3.645443627,0.0
3.6455691310000002,0.0
3.645694603,0.0
3.645820075,0.0
3.645945579,0.0
3.646071051,0.0
3.646196522,0.0
3.646321962,0.0
3.646447402,0.0
3.6465728740000003,0.0
3.646698314,0.0
3.646823754,0.0
3.646949225,0.0
3.647074697,0.0
3.647200137,0.0
3.647325609,0.0
3.6474510810000003,0.0
3.647576553,0.0
3.647701992,0.0
3.647827464,0.0
3.6479529360000003,0.0
3.648078376,0.0
3.648203848,0.0
3.64832932,0.0
3.648454792,0.0
3.648580231,0.0
3.648705671,0.0
3.6488311110000002,0.0
3.648956551,0.0
3.649081959,0.0
3.6492073990000002,0.0
3.6493328380000003,0.0
3.649458278,0.0
3.649583686,0.0
3.6497091260000003,0.0
3.649834566,0.0
3.649959973,0.0
3.6500853810000002,0.0
3.650210789,0.0
3.650336197,0.0
3.6504616050000003,0.0
3.650587013,0.0
3.65071242,0.0
3.6508378280000002,0.0
3.650963204,0.0
3.651088612,0.0
3.6512140520000003,0.0
3.65133946,0.0
3.651464868,0.0
3.651590275,0.0
3.651715715,0.0
3.651841091,0.0
3.6519664990000003,0.0
3.652091907,0.0
3.652217347,0.0
3.652342786,0.0
3.652468227,0.0
3.652593634,0.0
3.652719042,0.0
3.652844514,0.0
3.652969954,0.0
3.653095393,0.0
3.6532207690000003,0.0
3.653346177,0.0
3.653471585,0.0
3.653596993,0.0
3.653722433,0.0
3.65384784,0.0
3.6539732480000002,0.0
3.654098656,0.0
3.654224064,0.0
3.6543494720000003,0.0
3.65447488,0.0
3.654600319,0.0
3.6547257920000003,0.0
3.6548512630000003,0.0
3.654976671,0.0
3.655102079,0.0
3.655227487,0.0
3.655352895,0.0
3.655478302,0.0
3.6556037100000003,0.0
3.655729118,0.0
3.655854558,0.0
3.6559799660000003,0.0
3.656105342,0.0
3.656230718,0.0
3.656356126,0.0
3.656481533,0.0
3.656606973,0.0
3.656732381,0.0
3.656857789,0.0
3.656983197,0.0
3.657108605,0.0
3.657234012,0.0
3.657359388,0.0
3.657484796,0.0
3.657610172,0.0
3.657735611,0.0
3.6578610190000003,0.0
3.657986459,0.0
3.658111963,0.0
3.658237403,0.0
3.658362843,0.0
3.658488283,0.0
3.658613722,0.0
3.6587391620000003,0.0
3.658864538,0.0
3.658989978,0.0
3.659115354,0.0
3.659240762,0.0
3.659366138,0.0
3.659491513,0.0
3.659616921,0.0
3.659742329,0.0
3.659867737,0.0
3.659993145,0.0
3.660118617,0.0
3.6602440880000002,0.0
3.660369528,0.0
3.660494968,0.0
3.66062044,0.0
3.660745848,0.0
3.660871287,0.0
3.660996695,0.0
3.6611221350000003,0.0
3.661247543,0.0
3.661372919,0.0
3.661498327,0.0
3.661623703,0.0
3.6617491110000002,0.0
3.6618745180000003,0.0
3.661999926,0.0
3.662125366,0.0
3.662250774,0.0
3.66237615,0.0
3.662501525,0.0
3.6626269330000003,0.0
3.662752277,0.0
3.662877685,0.0
3.663003061,0.0
3.663128469,0.0
3.6632538770000003,0.0
3.663379285,0.0
3.663504692,0.0
3.6636301000000002,0.0
3.66375554,0.0
3.663880948,0.0
3.6640063560000002,0.0
3.664131764,0.0
3.664257171,0.0
3.664382547,0.0
3.664507923,0.0
3.664633299,0.0
3.664758675,0.0
3.664884018,0.0
3.665009394,0.0
3.665134802,0.0
3.665260178,0.0
3.665385554,0.0
3.66551093,0.0
3.665636306,0.0
3.665761713,0.0
3.665887121,0.0
3.666012529,0.0
3.6661379050000003,0.0
3.666263312,0.0
3.666388753,0.0
3.666514128,0.0
3.666639504,0.0
3.666764912,0.0
3.6668903200000003,0.0
3.667015728,0.0
3.667141167,0.0
3.667266607,0.0
3.667392079,0.0
3.667517487,0.0
3.667642895,0.0
3.667768303,0.0
3.667893711,0.0
3.66801915,0.0
3.6681445580000003,0.0
3.668269966,0.0
3.668395406,0.0
3.6685208460000003,0.0
3.668646253,0.0
3.668771694,0.0
3.668897133,0.0
3.669022573,0.0
3.669147981,0.0
3.669273389,0.0
3.6693988600000003,0.0
3.669524301,0.0
3.669649709,0.0
3.6697751160000003,0.0
3.669900556,0.0
3.670025932,0.0
3.670151308,0.0
3.670276715,0.0
3.670402123,0.0
3.6705275310000003,0.0
3.670652907,0.0
3.670778315,0.0
3.670903723,0.0
3.671029163,0.0
3.671154602,0.0
3.6712800100000003,0.0
3.671405418,0.0
3.67153089,0.0
3.6716563300000002,0.0
3.671781801,0.0
3.671907274,0.0
3.672032713,0.0
3.6721581210000003,0.0
3.672283497,0.0
3.672408937,0.0
3.672534345,0.0
3.672659753,0.0
3.672785192,0.0
3.6729106320000002,0.0
3.67303604,0.0
3.67316148,0.0
3.6732868880000002,0.0
3.673412328,0.0
3.673537735,0.0
3.673663175,0.0
3.673788583,0.0
3.673913959,0.0
3.6740393670000002,0.0
3.6741647740000003,0.0
3.674290182,0.0
3.67441559,0.0
3.67454103,0.0
3.674666438,0.0
3.674791846,0.0
3.6749172530000003,0.0
3.675042694,0.0
3.675168101,0.0
3.675293477,0.0
3.675418885,0.0
3.675544293,0.0
3.6756697000000003,0.0
3.675795141,0.0
3.675920548,0.0
3.676045892,0.0
3.676171332,0.0
3.676296708,0.0
3.676422116,0.0
3.676547492,0.0
3.676672899,0.0
3.676798307,0.0
3.676923715,0.0
3.677049123,0.0
3.677174499,0.0
3.677299906,0.0
3.677425282,0.0
3.67755069,0.0
3.677676098,0.0
3.6778014740000002,0.0
3.677926882,0.0
3.67805229,0.0
3.678177729,0.0
3.678303169,0.0
3.678428577,0.0
3.678553985,0.0
3.678679425,0.0
3.678804832,0.0
3.67893024,0.0
3.6790556480000003,0.0
3.679181056,0.0
3.679306464,0.0
3.679431872,0.0
3.679557311,0.0
3.679682719,0.0
3.6798081270000003,0.0
3.679933535,0.0
3.680058911,0.0
3.680184287,0.0
3.680309695,0.0
3.680435135,0.0
3.6805605420000003,0.0
3.68068595,0.0
3.680811358,0.0
3.6809367980000003,0.0
3.681062206,0.0
3.681187582,0.0
3.6813129890000003,0.0
3.681438397,0.0
3.681563773,0.0
3.6816892130000003,0.0
3.681814589,0.0
3.681939996,0.0
3.6820653720000003,0.0
3.682190748,0.0
3.682316156,0.0
3.682441596,0.0
3.682567004,0.0
3.682692412,0.0
3.6828178510000003,0.0
3.682943227,0.0
3.683068635,0.0
3.6831940430000003,0.0
3.683319483,0.0
3.683444922,0.0
3.6835703630000003,0.0
3.683695771,0.0
3.683821178,0.0
3.6839465540000003,0.0
3.68407193,0.0
3.684197338,0.0
3.684322777,0.0
3.684448153,0.0
3.684573561,0.0
3.6846989690000003,0.0
3.684824377,0.0
3.684949753,0.0
3.685075161,0.0
3.6852006,0.0
3.685325976,0.0
3.6854513520000003,0.0
3.685576696,0.0
3.685702104,0.0
3.6858274790000003,0.0
3.685952887,0.0
3.686078263,0.0
3.686203639,0.0
3.686329015,0.0
3.6864544230000003,0.0
3.686579831,0.0
3.686705239,0.0
3.6868306140000002,0.0
3.68695599,0.0
3.687081398,0.0
3.687206774,0.0
3.687332214,0.0
3.687457621,0.0
3.6875830290000002,0.0
3.687708437,0.0
3.687833845,0.0
3.687959221,0.0
3.688084629,0.0
3.688210037,0.0
3.6883354120000003,0.0
3.68846082,0.0
3.688586228,0.0
3.688711604,0.0
3.68883698,0.0
3.68896242,0.0
3.6890878270000003,0.0
3.689213203,0.0
3.689338611,0.0
3.689463987,0.0
3.689589363,0.0
3.6897147710000002,0.0
3.689840146,0.0
3.689965554,0.0
3.690090994,0.0
3.690216402,0.0
3.69034181,0.0
3.690467218,0.0
3.690592625,0.0
3.690718001,0.0
3.690843409,0.0
3.690968785,0.0
3.691094161,0.0
3.6912195690000003,0.0
3.691344945,0.0
3.691470352,0.0
3.6915957600000002,0.0
3.691721168,0.0
3.691846544,0.0
3.6919719520000003,0.0
3.69209736,0.0
3.692222768,0.0
3.692348207,0.0
3.692473583,0.0
3.692598959,0.0
3.6927243670000003,0.0
3.692849806,0.0
3.692975214,0.0
3.693100622,0.0
3.693226062,0.0
3.693351438,0.0
3.6934768140000003,0.0
3.693602222,0.0
3.693727629,0.0
3.6938530370000002,0.0
3.693978413,0.0
3.694103821,0.0
3.6942291970000003,0.0
3.694354604,0.0
3.694480045,0.0
3.6946054520000002,0.0
3.69473086,0.0
3.694856268,0.0
3.6949816760000003,0.0
3.695107084,0.0
3.695232492,0.0
3.6953578670000002,0.0
3.695483275,0.0
3.695608683,0.0
3.6957340910000003,0.0
3.695859467,0.0
3.695984875,0.0
3.6961102820000002,0.0
3.696235722,0.0
3.696361162,0.0
3.6964866020000002,0.0
3.696612074,0.0
3.696737514,0.0
3.696862953,0.0
3.6969883930000003,0.0
3.697113833,0.0
3.697239273,0.0
3.6973646810000003,0.0
3.697490121,0.0
3.69761556,0.0
3.697740968,0.0
3.697866376,0.0
3.697991752,0.0
3.6981171600000002,0.0
3.698242568,0.0
3.698367976,0.0
3.698493351,0.0
3.698618759,0.0
3.698744167,0.0
3.6988696070000002,0.0
3.698994983,0.0
3.699120391,0.0
3.699245766,0.0
3.699371174,0.0
3.699496582,0.0
3.6996219580000003,0.0
3.699747366,0.0
3.699872742,0.0
3.699998118,0.0
3.700123493,0.0
3.700248933,0.0
3.700374309,0.0
3.700499717,0.0
3.700625125,0.0
3.7007505000000003,0.0
3.700875908,0.0
3.701001316,0.0
3.701126692,0.0
3.701252068,0.0
3.7013774440000002,0.0
3.70150282,0.0
3.701628227,0.0
3.701753667,0.0
3.701879043,0.0
3.702004419,0.0
3.7021297950000003,0.0
3.702255202,0.0
3.702380578,0.0
3.7025059860000002,0.0
3.702631394,0.0
3.70275677,0.0
3.702882146,0.0
3.703007586,0.0
3.703133025,0.0
3.7032584010000003,0.0
3.703383777,0.0
3.703509153,0.0
3.703634561,0.0
3.703759937,0.0
3.703885345,0.0
3.7040107840000003,0.0
3.70413616,0.0
3.704261504,0.0
3.704386912,0.0
3.704512288,0.0
3.704637695,0.0
3.704763103,0.0
3.704888543,0.0
3.705013919,0.0
3.705139359,0.0
3.705264735,0.0
3.7053901430000002,0.0
3.705515582,0.0
3.705640958,0.0
3.705766366,0.0
3.705891774,0.0
3.70601715,0.0
3.706142557,0.0
3.706267933,0.0
3.706393341,0.0
3.7065187170000002,0.0
3.706644061,0.0
3.706769437,0.0
3.706894813,0.0
3.707020156,0.0
3.707145532,0.0
3.707270876,0.0
3.707396252,0.0
3.7075216600000003,0.0
3.707647036,0.0
3.707772412,0.0
3.7078977870000003,0.0
3.708023163,0.0
3.708148539,0.0
3.708273947,0.0
3.708399323,0.0
3.7085246990000003,0.0
3.708650074,0.0
3.70877545,0.0
3.7089008580000002,0.0
3.709026234,0.0
3.70915161,0.0
3.709277018,0.0
3.709402426,0.0
3.709527833,0.0
3.709653209,0.0
3.709778617,0.0
3.709903993,0.0
3.710029369,0.0
3.710154712,0.0
3.710280088,0.0
3.710405464,0.0
3.710530872,0.0
3.7106562480000003,0.0
3.710781624,0.0
3.710906999,0.0
3.7110323750000003,0.0
3.711157751,0.0
3.711283127,0.0
3.711408503,0.0
3.711533846,0.0
3.711659222,0.0
3.711784598,0.0
3.711910006,0.0
3.7120354140000003,0.0
3.71216079,0.0
3.712286198,0.0
3.7124115730000002,0.0
3.712536981,0.0
3.712662357,0.0
3.712787733,0.0
3.712913141,0.0
3.713038549,0.0
3.713163957,0.0
3.713289396,0.0
3.713414804,0.0
3.713540212,0.0
3.71366562,0.0
3.71379106,0.0
3.713916436,0.0
3.714041844,0.0
3.714167283,0.0
3.7142927550000002,0.0
3.714418163,0.0
3.714543603,0.0
3.7146690110000002,0.0
3.714794451,0.0
3.71491989,0.0
3.71504533,0.0
3.7151707700000003,0.0
3.715296178,0.0
3.715421618,0.0
3.7155470580000003,0.0
3.715672465,0.0
3.715797905,0.0
3.7159233130000002,0.0
3.716048721,0.0
3.716174129,0.0
3.7162995370000003,0.0
3.716424913,0.0
3.716550352,0.0
3.7166757280000002,0.0
3.716801136,0.0
3.716926576,0.0
3.7170520160000002,0.0
3.717177455,0.0
3.717302895,0.0
3.717428303,0.0
3.717553743,0.0
3.717679151,0.0
3.717804559,0.0
3.71793003,0.0
3.71805547,0.0
3.718180878,0.0
3.7183062860000002,0.0
3.718431694,0.0
3.718557102,0.0
3.718682541,0.0
3.718807949,0.0
3.718933389,0.0
3.719058765,0.0
3.719184205,0.0
3.719309645,0.0
3.719435085,0.0
3.7195604920000003,0.0
3.7196859,0.0
3.71981134,0.0
3.7199367800000003,0.0
3.72006222,0.0
3.720187627,0.0
3.7203130680000003,0.0
3.720438539,0.0
3.720563979,0.0
3.720689419,0.0
3.720814827,0.0
3.720940267,0.0
3.721065707,0.0
3.7211911460000002,0.0
3.721316586,0.0
3.721442026,0.0
3.7215674340000002,0.0
3.721692874,0.0
3.721818282,0.0
3.721943657,0.0
3.722069065,0.0
3.722194537,0.0
3.722319945,0.0
3.722445353,0.0
3.722570761,0.0
3.722696169,0.0
3.7228215760000003,0.0
3.722946984,0.0
3.723072392,0.0
3.723197832,0.0
3.72332324,0.0
3.723448679,0.0
3.7235740870000003,0.0
3.723699495,0.0
3.723824903,0.0
3.7239503110000003,0.0
3.724075687,0.0
3.724201062,0.0
3.724326406,0.0
3.724451814,0.0
3.724577254,0.0
3.724702662,0.0
3.724828038,0.0
3.724953413,0.0
3.725078789,0.0
3.725204165,0.0
3.7253295730000002,0.0
3.725454949,0.0
3.725580357,0.0
3.725705765,0.0
3.725831172,0.0
3.725956644,0.0
3.726082052,0.0
3.726207492,0.0
3.7263329,0.0
3.726458307,0.0
3.7265837150000003,0.0
3.726709091,0.0
3.726834531,0.0
3.726959939,0.0
3.727085347,0.0
3.727210755,0.0
3.7273361940000003,0.0
3.727461634,0.0
3.727587042,0.0
3.7277125140000003,0.0
3.72783789,0.0
3.727963298,0.0
3.7280886730000002,0.0
3.728214081,0.0
3.728339457,0.0
3.7284648650000003,0.0
3.728590241,0.0
3.728715681,0.0
3.728841057,0.0
3.728966496,0.0
3.729091904,0.0
3.7292173120000003,0.0
3.72934272,0.0
3.729468128,0.0
3.729593536,0.0
3.729718943,0.0
3.729844351,0.0
3.7299697910000003,0.0
3.730095199,0.0
3.730220607,0.0
3.730346078,0.0
3.730471519,0.0
3.730596958,0.0
3.730722398,0.0
3.730847806,0.0
3.730973182,0.0
3.73109859,0.0
3.731223965,0.0
3.731349341,0.0
3.731474749,0.0
3.731600157,0.0
3.731725565,0.0
3.731851004,0.0
3.731976412,0.0
3.73210182,0.0
3.732227228,0.0
3.732352636,0.0
3.732478012,0.0
3.7326034200000002,0.0
3.732728859,0.0
3.732854267,0.0
3.732979675,0.0
3.733105083,0.0
3.733230491,0.0
3.733355931,0.0
3.7334813700000002,0.0
3.733606842,0.0
3.733732282,0.0
3.7338576900000002,0.0
3.73398313,0.0
3.734108506,0.0
3.734233882,0.0
3.73435929,0.0
3.734484697,0.0
3.7346100730000003,0.0
3.734735481,0.0
3.734860889,0.0
3.7349863290000003,0.0
3.735111704,0.0
3.73523708,0.0
3.7353624560000003,0.0
3.735487864,0.0
3.735613272,0.0
3.73573868,0.0
3.735864056,0.0
3.735989463,0.0
3.736114871,0.0
3.736240247,0.0
3.736365655,0.0
3.736491063,0.0
3.736616502,0.0
3.736741878,0.0
3.7368673180000003,0.0
3.736992726,0.0
3.737118102,0.0
3.73724351,0.0
3.737368886,0.0
3.737494261,0.0
3.737619637,0.0
3.737745013,0.0
3.7378703890000002,0.0
3.737995733,0.0
3.738121109,0.0
3.7382465160000002,0.0
3.73837186,0.0
3.738497236,0.0
3.73862258,0.0
3.738747988,0.0
3.738873363,0.0
3.738998739,0.0
3.739124083,0.0
3.7392494590000003,0.0
3.739374835,0.0
3.739500211,0.0
3.739625587,0.0
3.739750962,0.0
3.739876338,0.0
3.740001714,0.0
3.740127122,0.0
3.7402524980000003,0.0
3.740377873,0.0
3.740503249,0.0
3.7406285930000003,0.0
3.740753969,0.0
3.740879313,0.0
3.741004689,0.0
3.741130065,0.0
3.74125544,0.0
3.741380848,0.0
3.741506256,0.0
3.7416316320000003,0.0
3.741757008,0.0
3.741882384,0.0
3.742007728,0.0
3.742133104,0.0
3.742258447,0.0
3.742383823,0.0
3.742509167,0.0
3.742634543,0.0
3.742759919,0.0
3.7428852950000002,0.0
3.74301067,0.0
3.743136014,0.0
3.7432614220000002,0.0
3.743386798,0.0
3.743512173,0.0
3.7436375490000002,0.0
3.743762925,0.0
3.743888301,0.0
3.744013677,0.0
3.744139021,0.0
3.7442643970000002,0.0
3.744389772,0.0
3.744515148,0.0
3.7446405240000002,0.0
3.744765868,0.0
3.744891244,0.0
3.74501662,0.0
3.745142028,0.0
3.7452674040000002,0.0
3.745392811,0.0
3.745518187,0.0
3.7456435630000002,0.0
3.745768971,0.0
3.745894379,0.0
3.746019755,0.0
3.74614513,0.0
3.746270538,0.0
3.7463959140000003,0.0
3.746521322,0.0
3.746646698,0.0
3.746772074,0.0
3.746897481,0.0
3.747022857,0.0
3.747148265,0.0
3.747273641,0.0
3.747399017,0.0
3.747524393,0.0
3.747649801,0.0
3.747775208,0.0
3.747900584,0.0
3.748025992,0.0
3.7481513680000003,0.0
3.748276744,0.0
3.748402151,0.0
3.7485275590000002,0.0
3.748652935,0.0
3.748778343,0.0
3.7489037510000003,0.0
3.749029126,0.0
3.749154502,0.0
3.7492799100000003,0.0
3.749405286,0.0
3.749530662,0.0
3.749656038,0.0
3.749781446,0.0
3.749906821,0.0
3.750032197,0.0
3.750157573,0.0
3.7502829170000003,0.0
3.750408261,0.0
3.750533637,0.0
3.750659013,0.0
3.750784388,0.0
3.750909732,0.0
3.751035108,0.0
3.751160516,0.0
3.7512858920000003,0.0
3.751411235,0.0
3.751536643,0.0
3.7516619870000003,0.0
3.751787395,0.0
3.751912771,0.0
3.752038147,0.0
3.752163523,0.0
3.7522888660000002,0.0
3.752414242,0.0
3.752539618,0.0
3.752664994,0.0
3.75279037,0.0
3.7529157140000002,0.0
3.75304109,0.0
3.753166433,0.0
3.7532918410000002,0.0
3.753417249,0.0
3.753542625,0.0
3.7536680330000003,0.0
3.753793409,0.0
3.753918784,0.0
3.7540441600000003,0.0
3.754169568,0.0
3.754294944,0.0
3.75442032,0.0
3.754545695,0.0
3.754671103,0.0
3.754796479,0.0
3.754921855,0.0
3.7550472630000002,0.0
3.755172671,0.0
3.755298079,0.0
3.755423455,0.0
3.755548798,0.0
3.755674174,0.0
3.75579955,0.0
3.755924894,0.0
3.7560503020000002,0.0
3.756175678,0.0
3.756301054,0.0
3.7564264290000002,0.0
3.756551837,0.0
3.756677245,0.0
3.7568026210000003,0.0
3.756927997,0.0
3.757053372,0.0
3.7571787480000003,0.0
3.757304156,0.0
3.757429564,0.0
3.757554908,0.0
3.757680316,0.0
3.757805659,0.0
3.757931035,0.0
3.758056379,0.0
3.758181755,0.0
3.758307131,0.0
3.758432507,0.0
3.75855785,0.0
3.758683226,0.0
3.758808602,0.0
3.758933978,0.0
3.759059354,0.0
3.759184698,0.0
3.759310073,0.0
3.759435449,0.0
3.759560825,0.0
3.759686201,0.0
3.759811609,0.0
3.7599369840000003,0.0
3.76006236,0.0
3.7601877360000002,0.0
3.760313112,0.0
3.760438488,0.0
3.760563896,0.0
3.760689272,0.0
3.760814648,0.0
3.760940024,0.0
3.761065399,0.0
3.761190775,0.0
3.761316151,0.0
3.761441527,0.0
3.7615668700000002,0.0
3.761692278,0.0
3.761817686,0.0
3.7619430620000003,0.0
3.762068438,0.0
3.762193814,0.0
3.762319254,0.0
3.762444662,0.0
3.762570069,0.0
3.7626954450000003,0.0
3.762820853,0.0
3.762946197,0.0
3.7630715720000003,0.0
3.763196948,0.0
3.763322324,0.0
3.763447668,0.0
3.763573044,0.0
3.763698452,0.0
3.763823828,0.0
3.763949171,0.0
3.764074547,0.0
3.764199923,0.0
3.7643252990000002,0.0
3.764450675,0.0
3.764576051,0.0
3.7647014580000002,0.0
3.764826898,0.0
3.764952274,0.0
3.7650777140000002,0.0
3.765203122,0.0
3.76532853,0.0
3.7654539060000003,0.0
3.765579313,0.0
3.765704689,0.0
3.7658301290000002,0.0
3.765955537,0.0
3.766080945,0.0
3.7662063530000003,0.0
3.76633176,0.0
3.7664572,0.0
3.7665825760000002,0.0
3.766707984,0.0
3.76683336,0.0
3.7669587680000003,0.0
3.767084239,0.0
3.767209647,0.0
3.767335055,0.0
3.767460463,0.0
3.767585839,0.0
3.7677112470000003,0.0
3.767836655,0.0
3.767962063,0.0
3.76808747,0.0
3.76821291,0.0
3.768338318,0.0
3.7684637260000002,0.0
3.768589134,0.0
3.768714509,0.0
3.768839917,0.0
3.768965293,0.0
3.769090669,0.0
3.7692160450000003,0.0
3.76934142,0.0
3.769466796,0.0
3.7695921720000003,0.0
3.769717548,0.0
3.769842924,0.0
3.7699683,0.0
3.770093676,0.0
3.770219052,0.0
3.770344395,0.0
3.770469771,0.0
3.770595147,0.0
3.770720491,0.0
3.7708458990000002,0.0
3.770971275,0.0
3.771096651,0.0
3.771222058,0.0
3.771347402,0.0
3.771472778,0.0
3.7715981540000003,0.0
3.771723529,0.0
3.771848873,0.0
3.771974217,0.0
3.772099593,0.0
3.7722249690000003,0.0
3.772350345,0.0
3.772475689,0.0
3.7726010960000003,0.0
3.772726472,0.0
3.772851816,0.0
3.77297716,0.0
3.773102536,0.0
3.7732278800000003,0.0
3.773353255,0.0
3.773478599,0.0
3.773603975,0.0
3.773729319,0.0
3.7738546950000003,0.0
3.773980071,0.0
3.774105447,0.0
3.7742308220000003,0.0
3.77435623,0.0
3.774481638,0.0
3.774607078,0.0
3.774732486,0.0
3.774857894,0.0
3.7749833010000002,0.0
3.775108709,0.0
3.775234085,0.0
3.775359493,0.0
3.775484901,0.0
3.775610341,0.0
3.775735749,0.0
3.775861156,0.0
3.775986532,0.0
3.776111908,0.0
3.776237284,0.0
3.776362692,0.0
3.7764881,0.0
3.776613507,0.0
3.776738915,0.0
3.776864355,0.0
3.776989763,0.0
3.777115139,0.0
3.777240514,0.0
3.777365922,0.0
3.777491298,0.0
3.777616674,0.0
3.777742082,0.0
3.77786749,0.0
3.777992866,0.0
3.778118274,0.0
3.778243681,0.0
3.778369089,0.0
3.778494465,0.0
3.7786198730000002,0.0
3.77874528,0.0
3.778870688,0.0
3.778996096,0.0
3.779121472,0.0
3.77924688,0.0
3.7793722560000003,0.0
3.779497631,0.0
3.779623039,0.0
3.7797484150000003,0.0
3.779873791,0.0
3.779999167,0.0
3.780124543,0.0
3.780249887,0.0
3.7803752630000003,0.0
3.780500606,0.0
3.780625982,0.0
3.78075139,0.0
3.780876798,0.0
3.781002174,0.0
3.7811275490000003,0.0
3.78125299,0.0
3.781378365,0.0
3.781503773,0.0
3.781629181,0.0
3.781754589,0.0
3.7818799960000002,0.0
3.782005404,0.0
3.78213078,0.0
3.782256188,0.0
3.782381596,0.0
3.782506972,0.0
3.78263238,0.0
3.782757755,0.0
3.782883099,0.0
3.783008507,0.0
3.783133883,0.0
3.7832592590000003,0.0
3.783384635,0.0
3.783510011,0.0
3.7836353860000003,0.0
3.78376073,0.0
3.783886106,0.0
3.784011482,0.0
3.784136857,0.0
3.784262202,0.0
3.784387578,0.0
3.784512921,0.0
3.784638297,0.0
3.784763673,0.0
3.7848890490000002,0.0
3.785014393,0.0
3.785139769,0.0
3.7852651120000003,0.0
3.785390488,0.0
3.785515864,0.0
3.785641208,0.0
3.785766584,0.0
3.785891927,0.0
3.786017303,0.0
3.786142647,0.0
3.786268023,0.0
3.786393399,0.0
3.7865187750000002,0.0
3.786644151,0.0
3.786769526,0.0
3.7868949020000002,0.0
3.787020278,0.0
3.787145654,0.0
3.7872710290000002,0.0
3.787396437,0.0
3.787521813,0.0
3.7876471570000003,0.0
3.787772533,0.0
3.7878979090000002,0.0
3.788023285,0.0
3.788148661,0.0
3.7882740360000002,0.0
3.78839938,0.0
3.788524756,0.0
3.7886501,0.0
3.788775508,0.0
3.7889008840000002,0.0
3.78902626,0.0
3.789151603,0.0
3.7892769470000003,0.0
3.789402323,0.0
3.7895276350000002,0.0
3.78965301,0.0
3.789778386,0.0
3.7899037620000002,0.0
3.790029138,0.0
3.790154514,0.0
3.790279922,0.0
3.790405266,0.0
3.7905306420000002,0.0
3.790655985,0.0
3.790781361,0.0
3.7909067690000002,0.0
3.791032113,0.0
3.791157489,0.0
3.791282865,0.0
3.791408272,0.0
3.791533616,0.0
3.791659024,0.0
3.7917844,0.0
3.7919097760000002,0.0
3.792035152,0.0
3.792160527,0.0
3.7922859030000002,0.0
3.792411311,0.0
3.792536719,0.0
3.792662095,0.0
3.792787503,0.0
3.79291291,0.0
3.7930382860000003,0.0
3.793163662,0.0
3.793289038,0.0
3.793414414,0.0
3.79353979,0.0
3.793665165,0.0
3.793790541,0.0
3.793915917,0.0
3.7940412610000003,0.0
3.794166637,0.0
3.794292013,0.0
3.794417389,0.0
3.794542764,0.0
3.79466814,0.0
3.794793516,0.0
3.79491886,0.0
3.795044236,0.0
3.79516958,0.0
3.795294955,0.0
3.795420331,0.0
3.795545675,0.0
3.7956710510000002,0.0
3.795796427,0.0
3.795921771,0.0
3.7960471460000003,0.0
3.796172522,0.0
3.796297898,0.0
3.796423242,0.0
3.796548618,0.0
3.796673994,0.0
3.79679937,0.0
3.796924713,0.0
3.797050057,0.0
3.797175433,0.0
3.797300809,0.0
3.797426217,0.0
3.797551561,0.0
3.7976769360000002,0.0
3.797802312,0.0
3.797927688,0.0
3.798053032,0.0
3.798178408,0.0
3.798303847,0.0
3.7984291910000003,0.0
3.798554567,0.0
3.7986799430000002,0.0
3.798805319,0.0
3.798930695,0.0
3.799056071,0.0
3.799181446,0.0
3.79930679,0.0
3.799432198,0.0
3.799557606,0.0
3.799683014,0.0
3.799808454,0.0
3.799933861,0.0
3.800059237,0.0
3.800184645,0.0
3.800310021,0.0
3.800435429,0.0
3.800560836,0.0
3.800686244,0.0
3.80081162,0.0
3.800937028,0.0
3.801062404,0.0
3.801187844,0.0
3.801313284,0.0
3.801438723,0.0
3.801564163,0.0
3.8016896350000002,0.0
3.801815075,0.0
3.801940483,0.0
3.802065859,0.0
3.802191267,0.0
3.802316706,0.0
3.8024420820000002,0.0
3.80256749,0.0
3.802692898,0.0
3.8028183060000003,0.0
3.802943714,0.0
3.803069121,0.0
3.803194529,0.0
3.803319969,0.0
3.803445377,0.0
3.803570817,0.0
3.803696193,0.0
3.8038216,0.0
3.80394704,0.0
3.804072416,0.0
3.804197824,0.0
3.804323232,0.0
3.80444864,0.0
3.804574015,0.0
3.804699423,0.0
3.804824799,0.0
3.804950175,0.0
3.805075551,0.0
3.805200959,0.0
3.805326399,0.0
3.805451806,0.0
3.805577214,0.0
3.805702622,0.0
3.8058280300000003,0.0
3.805953438,0.0
3.806078846,0.0
3.806204253,0.0
3.806329661,0.0
3.806455037,0.0
3.806580413,0.0
3.806705821,0.0
3.806831197,0.0
3.806956573,0.0
3.807081948,0.0
3.807207356,0.0
3.807332764,0.0
3.80745814,0.0
3.807583579,0.0
3.807708955,0.0
3.807834363,0.0
3.807959739,0.0
3.808085147,0.0
3.808210555,0.0
3.808335963,0.0
3.808461338,0.0
3.808586714,0.0
3.80871209,0.0
3.808837466,0.0
3.808962842,0.0
3.8090882180000003,0.0
3.809213594,0.0
3.809338969,0.0
3.8094643770000003,0.0
3.809589785,0.0
3.809715129,0.0
3.809840537,0.0
3.809965944,0.0
3.810091352,0.0
3.810216728,0.0
3.810342104,0.0
3.8104675120000002,0.0
3.810592888,0.0
3.810718295,0.0
3.810843703,0.0
3.810969111,0.0
3.811094551,0.0
3.811219959,0.0
3.811345335,0.0
3.811470711,0.0
3.811596119,0.0
3.811721526,0.0
3.811846902,0.0
3.8119723100000003,0.0
3.812097718,0.0
3.812223126,0.0
3.8123485010000002,0.0
3.812473909,0.0
3.812599253,0.0
3.812724629,0.0
3.812850005,0.0
3.812975381,0.0
3.813100757,0.0
3.813226132,0.0
3.81335154,0.0
3.81347698,0.0
3.813602388,0.0
3.8137277960000002,0.0
3.813853204,0.0
3.813978579,0.0
3.814103955,0.0
3.814229363,0.0
3.814354771,0.0
3.8144801470000003,0.0
3.814605555,0.0
3.814730963,0.0
3.8148563060000003,0.0
3.814981682,0.0
3.81510709,0.0
3.815232466,0.0
3.815357841,0.0
3.815483217,0.0
3.815608593,0.0
3.815733969,0.0
3.8158593450000002,0.0
3.815984753,0.0
3.816110129,0.0
3.816235473,0.0
3.81636088,0.0
3.816486256,0.0
3.816611664,0.0
3.81673704,0.0
3.816862448,0.0
3.8169878550000003,0.0
3.817113263,0.0
3.817238671,0.0
3.817364079,0.0
3.817489487,0.0
3.817614927,0.0
3.817740303,0.0
3.81786571,0.0
3.817991118,0.0
3.818116558,0.0
3.818241966,0.0
3.818367406,0.0
3.818492782,0.0
3.818618221,0.0
3.818743661,0.0
3.818869101,0.0
3.818994509,0.0
3.819119917,0.0
3.8192453570000002,0.0
3.819370733,0.0
3.819496172,0.0
3.81962158,0.0
3.819746956,0.0
3.819872396,0.0
3.819997804,0.0
3.820123244,0.0
3.820248683,0.0
3.820374123,0.0
3.8204995630000003,0.0
3.820624971,0.0
3.820750411,0.0
3.820875786,0.0
3.821001227,0.0
3.821126634,0.0
3.8212520420000002,0.0
3.82137745,0.0
3.82150289,0.0
3.8216282980000003,0.0
3.821753706,0.0
3.821879113,0.0
3.822004521,0.0
3.822129897,0.0
3.822255337,0.0
3.8223807770000002,0.0
3.822506185,0.0
3.822631592,0.0
3.822757,0.0
3.822882408,0.0
3.823007816,0.0
3.823133224,0.0
3.8232586950000003,0.0
3.823384103,0.0
3.823509543,0.0
3.8236349830000003,0.0
3.823760423,0.0
3.823885863,0.0
3.824011271,0.0
3.824136647,0.0
3.824262118,0.0
3.824387526,0.0
3.824512966,0.0
3.824638406,0.0
3.824763846,0.0
3.8248892850000002,0.0
3.825014757,0.0
3.825140197,0.0
3.8252656050000002,0.0
3.825391045,0.0
3.825516453,0.0
3.825641924,0.0
3.825767332,0.0
3.825892772,0.0
3.82601818,0.0
3.826143588,0.0
3.826269027,0.0
3.826394468,0.0
3.826519907,0.0
3.826645315,0.0
3.826770723,0.0
3.826896099,0.0
3.827021506,0.0
3.827146914,0.0
3.8272723220000002,0.0
3.82739773,0.0
3.827523106,0.0
3.827648482,0.0
3.827773858,0.0
3.827899266,0.0
3.828024641,0.0
3.828150081,0.0
3.828275489,0.0
3.828400897,0.0
3.828526305,0.0
3.82865168,0.0
3.8287771200000003,0.0
3.828902528,0.0
3.829027904,0.0
3.82915328,0.0
3.829278656,0.0
3.829404064,0.0
3.829529472,0.0
3.829654847,0.0
3.829780255,0.0
3.829905631,0.0
3.830031007,0.0
3.8301563830000003,0.0
3.830281791,0.0
3.830407198,0.0
3.8305325420000003,0.0
3.830657918,0.0
3.830783326,0.0
3.8309087340000003,0.0
3.831034109,0.0
3.83115955,0.0
3.8312849570000003,0.0
3.831410397,0.0
3.831535773,0.0
3.8316611810000003,0.0
3.831786589,0.0
3.831912029,0.0
3.8320374360000002,0.0
3.832162812,0.0
3.832288252,0.0
3.8324136600000003,0.0
3.832539035,0.0
3.832664443,0.0
3.8327898510000002,0.0
3.832915227,0.0
3.833040635,0.0
3.8331660750000003,0.0
3.833291451,0.0
3.83341689,0.0
3.8335422980000002,0.0
3.833667738,0.0
3.833793178,0.0
3.8339185860000002,0.0
3.834043994,0.0
3.834169369,0.0
3.834294777,0.0
3.834420185,0.0
3.834545593,0.0
3.8346709690000003,0.0
3.834796377,0.0
3.834921785,0.0
3.8350471610000003,0.0
3.835172536,0.0
3.835297944,0.0
3.8354233200000003,0.0
3.835548664,0.0
3.835674039,0.0
3.835799383,0.0
3.835924791,0.0
3.8360501350000002,0.0
3.836175479,0.0
3.836300823,0.0
3.836426199,0.0
3.836551543,0.0
3.8366768860000002,0.0
3.836802262,0.0
3.83692767,0.0
3.8370530780000003,0.0
3.837178454,0.0
3.837303862,0.0
3.83742927,0.0
3.837554645,0.0
3.837680021,0.0
3.837805397,0.0
3.837930773,0.0
3.838056148,0.0
3.838181524,0.0
3.8383069,0.0
3.838432244,0.0
3.83855762,0.0
3.838682996,0.0
3.838808372,0.0
3.83893378,0.0
3.839059155,0.0
3.839184531,0.0
3.839309907,0.0
3.8394353150000002,0.0
3.839560691,0.0
3.839686034,0.0
3.8398114100000003,0.0
3.839936786,0.0
3.840062162,0.0
3.840187538,0.0
3.840312914,0.0
3.8404383220000002,0.0
3.840563665,0.0
3.840689041,0.0
3.8408144170000003,0.0
3.840939793,0.0
3.841065201,0.0
3.8411905760000002,0.0
3.841315984,0.0
3.841441392,0.0
3.8415668,0.0
3.841692176,0.0
3.841817552,0.0
3.841942927,0.0
3.842068303,0.0
3.842193711,0.0
3.842319087,0.0
3.842444495,0.0
3.8425699030000002,0.0
3.842695311,0.0
3.842820687,0.0
3.842946094,0.0
3.843071502,0.0
3.843196878,0.0
3.8433222860000003,0.0
3.843447662,0.0
3.843573069,0.0
3.8436984450000002,0.0
3.843823853,0.0
3.843949229,0.0
3.8440746370000003,0.0
3.844200013,0.0
3.84432542,0.0
3.8444507640000003,0.0
3.84457614,0.0
3.844701548,0.0
3.844826956,0.0
3.844952364,0.0
3.845077739,0.0
3.8452031470000003,0.0
3.845328555,0.0
3.845453931,0.0
3.845579339,0.0
3.845704715,0.0
3.84583009,0.0
3.845955498,0.0
3.846080874,0.0
3.84620625,0.0
3.846331658,0.0
3.846457034,0.0
3.846582474,0.0
3.846707849,0.0
3.846833257,0.0
3.846958665,0.0
3.847084041,0.0
3.847209481,0.0
3.847334889,0.0
3.847460361,0.0
3.847585768,0.0
3.8477111760000002,0.0
3.847836552,0.0
3.84796196,0.0
3.848087336,0.0
3.848212743,0.0
3.848338151,0.0
3.848463527,0.0
3.848588903,0.0
3.848714279,0.0
3.848839687,0.0
3.848965063,0.0
3.84909047,0.0
3.849215846,0.0
3.849341222,0.0
3.8494666300000002,0.0
3.849592006,0.0
3.849717382,0.0
3.849842789,0.0
3.849968197,0.0
3.850093605,0.0
3.8502189810000003,0.0
3.850344389,0.0
3.850469764,0.0
3.8505951400000002,0.0
3.850720548,0.0
3.850845956,0.0
3.8509713640000003,0.0
3.85109674,0.0
3.851222148,0.0
3.851347524,0.0
3.851472932,0.0
3.851598307,0.0
3.851723651,0.0
3.851849027,0.0
3.8519744350000003,0.0
3.852099842,0.0
3.852225283,0.0
3.85235069,0.0
3.852476098,0.0
3.852601506,0.0
3.8527268820000002,0.0
3.8528522890000003,0.0
3.85297773,0.0
3.853103137,0.0
3.853228545,0.0
3.853353953,0.0
3.853479361,0.0
3.8536047680000003,0.0
3.853730176,0.0
3.853855584,0.0
3.853980992,0.0
3.854106432,0.0
3.85423184,0.0
3.8543572470000003,0.0
3.854482623,0.0
3.854607999,0.0
3.854733407,0.0
3.854858815,0.0
3.854984255,0.0
3.855109663,0.0
3.855235039,0.0
3.8553604150000003,0.0
3.855485822,0.0
3.85561123,0.0
3.855736638,0.0
3.855862046,0.0
3.855987421,0.0
3.856112829,0.0
3.856238237,0.0
3.856363613,0.0
3.8564890210000002,0.0
3.856614397,0.0
3.856739772,0.0
3.8568651480000002,0.0
3.856990524,0.0
3.8571159,0.0
3.857241276,0.0
3.857366652,0.0
3.8574920600000002,0.0
3.857617467,0.0
3.857742843,0.0
3.857868219,0.0
3.857993659,0.0
3.858119067,0.0
3.8582444750000002,0.0
3.858369883,0.0
3.858495258,0.0
3.858620634,0.0
3.858746042,0.0
3.858871482,0.0
3.8589968900000002,0.0
3.859122297,0.0
3.859247738,0.0
3.859373113,0.0
3.859498553,0.0
3.859623961,0.0
3.8597493370000002,0.0
3.859874713,0.0
3.860000089,0.0
3.860125496,0.0
3.860250872,0.0
3.860376248,0.0
3.8605016560000003,0.0
3.860627032,0.0
3.860752408,0.0
3.8608777510000003,0.0
3.861003159,0.0
3.861128567,0.0
3.861253943,0.0
3.861379351,0.0
3.8615047270000002,0.0
3.861630102,0.0
3.86175551,0.0
3.8618808860000002,0.0
3.862006262,0.0
3.862131638,0.0
3.862257046,0.0
3.862382421,0.0
3.862507797,0.0
3.862633173,0.0
3.862758581,0.0
3.862883957,0.0
3.863009301,0.0
3.863134677,0.0
3.863260052,0.0
3.863385428,0.0
3.863510804,0.0
3.8636362120000003,0.0
3.86376162,0.0
3.863886996,0.0
3.8640124030000003,0.0
3.864137811,0.0
3.864263219,0.0
3.8643885950000003,0.0
3.864513971,0.0
3.864639378,0.0
3.8647648180000003,0.0
3.864890226,0.0
3.865015666,0.0
3.8651411060000003,0.0
3.865266514,0.0
3.865391922,0.0
3.8655173300000003,0.0
3.865642705,0.0
3.865768113,0.0
3.8658934890000003,0.0
3.866018865,0.0
3.866144241,0.0
3.8662696160000003,0.0
3.866394992,0.0
3.866520368,0.0
3.866645776,0.0
3.866771152,0.0
3.866896527,0.0
3.867021968,0.0
3.867147343,0.0
3.8672727190000002,0.0
3.867398063,0.0
3.867523439,0.0
3.867648815,0.0
3.867774191,0.0
3.8678995670000003,0.0
3.868024942,0.0
3.86815035,0.0
3.8682757580000002,0.0
3.868401134,0.0
3.86852651,0.0
3.8686518850000002,0.0
3.868777325,0.0
3.868902701,0.0
3.8690281090000003,0.0
3.869153517,0.0
3.869278924,0.0
3.8694043320000002,0.0
3.869529676,0.0
3.869655052,0.0
3.869780428,0.0
3.869905804,0.0
3.8700311800000002,0.0
3.870156556,0.0
3.870281931,0.0
3.8704073070000002,0.0
3.870532683,0.0
3.870658059,0.0
3.8707834340000002,0.0
3.87090881,0.0
3.871034186,0.0
3.87115953,0.0
3.871284906,0.0
3.8714102820000003,0.0
3.871535625,0.0
3.871661001,0.0
3.8717864090000003,0.0
3.871911785,0.0
3.872037161,0.0
3.872162537,0.0
3.872287881,0.0
3.872413257,0.0
3.872538632,0.0
3.872664008,0.0
3.872789352,0.0
3.872914728,0.0
3.8730400720000002,0.0
3.873165448,0.0
3.873290759,0.0
3.8734161350000003,0.0
3.873541479,0.0
3.873666855,0.0
3.873792231,0.0
3.873917575,0.0
3.87404295,0.0
3.874168326,0.0
3.874293702,0.0
3.874419078,0.0
3.874544454,0.0
3.87466983,0.0
3.874795173,0.0
3.874920549,0.0
3.8750458930000002,0.0
3.875171269,0.0
3.875296581,0.0
3.875421957,0.0
3.875547333,0.0
3.875672708,0.0
3.875798052,0.0
3.875923396,0.0
3.876048772,0.0
3.876174148,0.0
3.8762994920000002,0.0
3.876424867,0.0
3.876550275,0.0
3.8766756510000002,0.0
3.876801027,0.0
3.876926403,0.0
3.8770517780000002,0.0
3.877177154,0.0
3.87730253,0.0
3.877427874,0.0
3.877553282,0.0
3.8776786580000002,0.0
3.877804034,0.0
3.87792941,0.0
3.8780547530000002,0.0
3.878180129,0.0
3.878305505,0.0
3.878430849,0.0
3.878556225,0.0
3.878681568,0.0
3.878806944,0.0
3.87893232,0.0
3.8790576960000003,0.0
3.879183072,0.0
3.879308448,0.0
3.879433824,0.0
3.879559199,0.0
3.879684575,0.0
3.879809951,0.0
3.879935359,0.0
3.8800607350000003,0.0
3.880186111,0.0
3.880311454,0.0
3.88043683,0.0
3.880562174,0.0
3.880687582,0.0
3.880812958,0.0
3.880938366,0.0
3.881063773,0.0
3.881189181,0.0
3.881314589,0.0
3.881439965,0.0
3.881565373,0.0
3.881690781,0.0
3.8818161890000003,0.0
3.881941565,0.0
3.88206694,0.0
3.8821923160000003,0.0
3.882317692,0.0
3.882443068,0.0
3.8825684750000002,0.0
3.882693883,0.0
3.882819291,0.0
3.8829446990000003,0.0
3.883070107,0.0
3.883195515,0.0
3.8833209550000003,0.0
3.88344633,0.0
3.883571706,0.0
3.8836971460000003,0.0
3.883822554,0.0
3.883947962,0.0
3.884073369,0.0
3.884198777,0.0
3.884324153,0.0
3.8844495610000003,0.0
3.884574937,0.0
3.884700313,0.0
3.884825689,0.0
3.884951096,0.0
3.885076472,0.0
3.88520188,0.0
3.885327256,0.0
3.8854526640000002,0.0
3.88557804,0.0
3.885703415,0.0
3.8858287910000002,0.0
3.885954167,0.0
3.886079543,0.0
3.886204919,0.0
3.886330295,0.0
3.8864556710000002,0.0
3.886581078,0.0
3.886706454,0.0
3.886831862,0.0
3.886957238,0.0
3.887082614,0.0
3.887207989,0.0
3.887333365,0.0
3.887458741,0.0
3.8875840850000003,0.0
3.887709493,0.0
3.887834869,0.0
3.887960213,0.0
3.888085621,0.0
3.888210996,0.0
3.888336404,0.0
3.88846178,0.0
3.888587156,0.0
3.888712564,0.0
3.888837972,0.0
3.888963379,0.0
3.889088787,0.0
3.889214195,0.0
3.8893396030000003,0.0
3.889465011,0.0
3.889590419,0.0
3.8897157620000002,0.0
3.88984117,0.0
3.889966578,0.0
3.890091954,0.0
3.89021733,0.0
3.890342738,0.0
3.890468146,0.0
3.890593553,0.0
3.890718929,0.0
3.890844369,0.0
3.890969777,0.0
3.891095152,0.0
3.89122056,0.0
3.891345968,0.0
3.891471376,0.0
3.891596816,0.0
3.891722192,0.0
3.891847568,0.0
3.891972944,0.0
3.892098351,0.0
3.892223727,0.0
3.892349135,0.0
3.892474543,0.0
3.8925999510000002,0.0
3.892725326,29.0
3.892850734,9.0
3.8929760780000002,0.0
3.893101454,0.0
3.893226862,0.0
3.8933522380000003,0.0
3.893477614,0.0
3.893603021,0.0
3.8937284290000003,0.0
3.893853805,0.0
3.893979213,0.0
3.894104589,0.0
3.894229996,0.0
3.894355372,0.0
3.8944808120000003,0.0
3.89460622,0.0
3.89473166,0.0
3.8948570680000003,0.0
3.894982475,0.0
3.895107851,0.0
3.8952332270000003,0.0
3.895358603,0.0
3.895484011,0.0
3.895609419,0.0
3.895734826,0.0
3.895860234,0.0
3.8959856420000003,0.0
3.89611105,0.0
3.896236426,0.0
3.89636177,0.0
3.896487178,0.0
3.896612586,0.0
3.896737961,0.0
3.896863369,0.0
3.8969887770000002,0.0
3.897114153,0.0
3.897239561,0.0
3.897364937,0.0
3.897490345,0.0
3.897615752,0.0
3.8977411600000003,0.0
3.897866536,0.0
3.897991976,0.0
3.898117416,0.0
3.898242824,0.0
3.898368295,0.0
3.898493703,0.0
3.898619079,0.0
3.898744455,0.0
3.89886983,0.0
3.898995206,0.0
3.89912055,0.0
3.899245926,0.0
3.899371302,0.0
3.899496742,0.0
3.8996221490000003,0.0
3.899747557,0.0
3.899872998,0.0
3.8999984370000003,0.0
3.900123845,0.0
3.900249221,0.0
3.900374661,0.0
3.900500101,0.0
3.900625508,0.0
3.9007509160000002,0.0
3.900876324,0.0
3.901001764,0.0
3.90112714,0.0
3.901252548,0.0
3.901377956,0.0
3.9015033630000002,0.0
3.901628739,0.0
3.901754147,0.0
3.901879555,0.0
3.902004962,0.0
3.90213037,0.0
3.9022557460000002,0.0
3.902381154,0.0
3.90250653,0.0
3.902631906,0.0
3.902757282,0.0
3.902882657,0.0
3.903008065,0.0
3.903133473,0.0
3.903258913,0.0
3.903384321,0.0
3.903509761,0.0
3.903635136,0.0
3.903760512,0.0
3.90388592,0.0
3.904011328,0.0
3.904136704,0.0
3.90426208,0.0
3.9043874560000003,0.0
3.904512863,0.0
3.904638303,0.0
3.904763679,0.0
3.904889055,0.0
3.905014463,0.0
3.905139838,0.0
3.905265214,0.0
3.905390622,0.0
3.9055159980000003,0.0
3.905641374,0.0
3.905766782,0.0
3.9058921570000003,0.0
3.906017533,0.0
3.906142909,0.0
3.906268285,0.0
3.906393661,0.0
3.9065190690000002,0.0
3.906644445,0.0
3.906769821,0.0
3.906895197,0.0
3.90702054,0.0
3.907145916,0.0
3.907271292,0.0
3.907396668,0.0
3.907522075,0.0
3.907647419,0.0
3.907772795,0.0
3.9078981710000003,0.0
3.908023547,0.0
3.908148923,0.0
3.908274299,0.0
3.908399642,0.0
3.90852505,0.0
3.908650394,0.0
3.90877577,0.0
3.908901146,0.0
3.909026522,0.0
3.909151898,0.0
3.9092773050000003,0.0
3.909402713,0.0
3.909528121,0.0
3.909653529,0.0
3.909778873,0.0
3.90990428,0.0
3.910029656,0.0
3.910155064,0.0
3.910280472,0.0
3.910405848,0.0
3.910531224,0.0
3.9106566000000003,0.0
3.910781976,0.0
3.910907383,0.0
3.911032823,0.0
3.911158199,0.0
3.911283575,0.0
3.9114089510000003,0.0
3.911534326,0.0
3.911659702,0.0
3.9117851100000003,0.0
3.911910486,0.0
3.912035862,0.0
3.91216127,0.0
3.912286646,0.0
3.912412053,0.0
3.912537429,0.0
3.912662805,0.0
3.9127882130000002,0.0
3.912913621,0.0
3.913039028,0.0
3.913164436,0.0
3.913289876,0.0
3.913415316,0.0
3.913540756,0.0
3.913666164,0.0
3.913791604,0.0
3.913917011,0.0
3.9140424190000003,0.0
3.914167827,0.0
3.914293203,0.0
3.914418611,0.0
3.914544019,0.0
3.914669458,0.0
3.9147948340000003,0.0
3.914920242,0.0
3.91504565,0.0
3.9151710580000003,0.0
3.915296465,0.0
3.915421873,0.0
3.9155472490000003,0.0
3.915672625,0.0
3.915798065,0.0
3.9159234730000003,0.0
3.916048849,0.0
3.9161742250000002,0.0
3.9162996,0.0
3.916425008,0.0
3.916550384,0.0
3.916675792,0.0
3.9168012,0.0
3.9169266080000003,0.0
3.917052015,0.0
3.917177423,0.0
3.917302831,0.0
3.917428239,0.0
3.917553679,0.0
3.9176790870000002,0.0
3.9178044940000003,0.0
3.917929902,0.0
3.918055342,0.0
3.9181808140000003,0.0
3.918306254,0.0
3.918431694,0.0
3.918557101,0.0
3.918682573,0.0
3.918808013,0.0
3.918933421,0.0
3.919058861,0.0
3.919184332,0.0
3.91930974,0.0
3.9194352120000002,0.0
3.91956062,0.0
3.919686092,0.0
3.919811564,0.0
3.9199370360000003,0.0
3.920062444,0.0
3.920187883,0.0
3.9203132910000003,0.0
3.920438699,0.0
3.920564139,0.0
3.9206895470000003,0.0
3.920814986,0.0
3.920940394,0.0
3.921065834,0.0
3.921191274,0.0
3.921316714,0.0
3.921442154,0.0
3.921567626,0.0
3.921693097,0.0
3.921818569,0.0
3.921944073,0.0
3.9220695130000003,0.0
3.922194985,0.0
3.922320425,0.0
3.922445864,0.0
3.922571336,0.0
3.922696744,0.0
3.922822152,0.0
3.92294756,0.0
3.923073032,0.0
3.923198471,0.0
3.9233238790000002,0.0
3.923449351,0.0
3.923574791,0.0
3.923700231,0.0
3.923825671,0.0
3.92395111,0.0
3.92407655,0.0
3.9242020220000002,0.0
3.92432743,0.0
3.924452838,0.0
3.9245782460000003,0.0
3.924703685,0.0
3.924829125,0.0
3.924954533,0.0
3.925080005,0.0
3.925205445,0.0
3.925330853,0.0
3.925456261,0.0
3.925581637,0.0
3.925707044,0.0
3.925832484,0.0
3.925957892,0.0
3.926083268,0.0
3.926208676,0.0
3.926334084,0.0
3.926459491,0.0
3.926584899,0.0
3.926710307,0.0
3.926835747,0.0
3.9269611220000002,0.0
3.927086498,0.0
3.927211874,0.0
3.927337282,0.0
3.927462658,0.0
3.9275880340000002,0.0
3.927713441,0.0
3.927838849,0.0
3.927964257,0.0
3.928089601,0.0
3.928214977,0.0
3.9283403530000003,0.0
3.928465761,0.0
3.928591168,0.0
3.9287165440000003,0.0
3.928841888,0.0
3.928967264,0.0
3.929092608,0.0
3.929217984,0.0
3.929343392,0.0
3.929468767,0.0
3.929594143,0.0
3.929719519,0.0
3.929844895,0.0
3.929970239,0.0
3.930095615,0.0
3.930220991,0.0
3.930346366,0.0
3.93047171,0.0
3.930597086,0.0
3.9307224620000003,0.0
3.930847838,0.0
3.930973214,0.0
3.93109859,0.0
3.931223965,0.0
3.931349373,0.0
3.931474749,0.0
3.931600093,0.0
3.9317254680000002,0.0
3.931850812,1.0
3.931976188,0.0
3.932101564,0.0
3.932226908,0.0
3.9323523160000002,0.0
3.932477756,0.0
3.932603163,0.0
3.932728539,0.0
3.932853915,0.0
3.932979291,0.0
3.9331046990000003,0.0
3.933230107,0.0
3.933355482,0.0
3.9334808900000002,0.0
3.933606298,0.0
3.933731706,0.0
3.9338571460000002,0.0
3.933982586,0.0
3.934107961,0.0
3.934233369,0.0
3.934358777,0.0
3.934484153,0.0
3.9346095610000003,0.0
3.934734969,0.0
3.934860409,0.0
3.934985816,0.0
3.935111224,0.0
3.935236664,0.0
3.935362072,0.0
3.935487512,0.0
3.935612919,0.0
3.935738327,0.0
3.935863735,0.0
3.935989143,0.0
3.936114551,0.0
3.936239959,0.0
3.936365367,0.0
3.936490774,0.0
3.936616182,0.0
3.93674159,0.0
3.936866966,0.0
3.936992374,0.0
3.937117749,0.0
3.937243125,0.0
3.937368501,0.0
3.937493877,0.0
3.9376192530000003,0.0
3.937744661,0.0
3.937870068,0.0
3.937995476,0.0
3.938120852,0.0
3.938246292,0.0
3.9383716680000003,0.0
3.938497076,0.0
3.938622484,0.0
3.938747923,0.0
3.938873331,0.0
3.938998739,0.0
3.9391241470000002,0.0
3.939249555,0.0
3.939374931,0.0
3.9395003070000003,0.0
3.939625715,0.0
3.939751122,0.0
3.9398765300000003,0.0
3.94000197,0.0
3.94012741,0.0
3.940252881,0.0
3.940378354,0.0
3.940503793,0.0
3.940629233,0.0
3.9407546730000003,0.0
3.940880113,0.0
3.941005553,0.0
3.941130961,0.0
3.9412564320000003,0.0
3.94138184,0.0
3.941507248,0.0
3.941632688,0.0
3.941758096,0.0
3.941883536,0.0
3.9420089750000002,0.0
3.942134383,0.0
3.942259791,0.0
3.9423851990000003,0.0
3.942510607,0.0
3.942636015,0.0
3.9427613900000003,0.0
3.942886798,0.0
3.943012206,0.0
3.9431376140000003,0.0
3.943262958,0.0
3.943388334,0.0
3.9435137090000003,0.0
3.943639117,0.0
3.943764557,0.0
3.943889965,0.0
3.944015341,0.0
3.9441407490000002,0.0
3.9442661240000003,0.0
3.944391532,0.0
3.944516908,0.0
3.944642316,0.0
3.944767724,0.0
3.944893099,0.0
3.945018475,0.0
3.945143883,0.0
3.9452692590000003,0.0
3.945394603,0.0
3.945519979,0.0
3.945645355,0.0
3.945770731,0.0
3.945896074,0.0
3.946021482,0.0
3.946146858,0.0
3.9462722660000003,0.0
3.946397642,0.0
3.946523017,0.0
3.9466484250000002,0.0
3.946773833,0.0
3.946899209,0.0
3.9470245850000003,0.0
3.947149961,0.0
3.9472753050000002,0.0
3.947400681,0.0
3.947526056,0.0
3.947651464,0.0
3.94777684,0.0
3.947902216,0.0
3.948027592,0.0
3.948152935,0.0
3.948278311,0.0
3.948403719,0.0
3.948529063,0.0
3.948654471,0.0
3.948779847,0.0
3.948905223,0.0
3.9490305980000002,0.0
3.949155974,0.0
3.94928135,0.0
3.9494067580000003,0.0
3.949532134,0.0
3.949657542,0.0
3.9497829490000003,0.0
3.949908357,0.0
3.950033701,0.0
3.950159109,0.0
3.950284485,0.0
3.9504098610000002,0.0
3.950535237,0.0
3.950660612,0.0
3.9507859560000003,0.0
3.950911364,0.0
3.951036708,0.0
3.951162084,0.0
3.95128746,0.0
3.951412835,0.0
3.951538211,0.0
3.951663587,0.0
3.9517889950000002,0.0
3.951914403,0.0
3.952039779,0.0
3.952165186,0.0
3.952290626,0.0
3.952416066,0.0
3.952541506,0.0
3.952666914,0.0
3.952792354,0.0
3.9529177620000002,0.0
3.953043169,0.0
3.953168577,0.0
3.953294017,0.0
3.953419425,0.0
3.953544833,0.0
3.953670272,0.0
3.9537956800000003,0.0
3.953921056,0.0
3.954046496,0.0
3.954171936,0.0
3.9542974070000003,0.0
3.954422815,0.0
3.954548223,0.0
3.954673631,0.0
3.954799071,0.0
3.954924511,0.0
3.955049919,0.0
3.955175327,0.0
3.955300734,0.0
3.9554261740000003,0.0
3.955551614,0.0
3.955677022,0.0
3.9558024620000003,0.0
3.955927869,0.0
3.956053342,0.0
3.956178749,0.0
3.956304125,0.0
3.956429565,0.0
3.9565550050000002,0.0
3.956680413,0.0
3.956805852,0.0
3.956931292,0.0
3.957056764,0.0
3.957182172,0.0
3.95730758,0.0
3.95743302,0.0
3.957558459,0.0
3.957683867,0.0
3.957809307,0.0
3.957934747,0.0
3.958060187,0.0
3.958185627,0.0
3.958311035,0.0
3.95843641,0.0
3.95856185,0.0
3.9586872900000003,0.0
3.958812698,0.0
3.958938202,0.0
3.9590636100000003,0.0
3.959188985,0.0
3.959314361,0.0
3.9594397690000003,0.0
3.959565145,0.0
3.95969052,0.0
3.9598159280000003,0.0
3.959941336,0.0
3.960066744,0.0
3.9601921520000003,0.0
3.96031756,0.0
3.960442936,0.0
3.960568312,0.0
3.960693719,0.0
3.960819127,0.0
3.960944535,0.0
3.961069943,0.0
3.961195383,0.0
3.961320823,0.0
3.961446295,0.0
3.961571734,0.0
3.961697174,0.0
3.961822646,0.0
3.961948054,0.0
3.962073461,0.0
3.962198869,0.0
3.96232431,0.0
3.962449717,0.0
3.962575093,0.0
3.962700501,0.0
3.962825877,0.0
3.962951316,0.0
3.963076692,0.0
3.963202132,0.0
3.963327572,0.0
3.963453044,0.0
3.963578484,0.0
3.963703892,0.0
3.963829331,0.0
3.963954803,0.0
3.964080211,0.0
3.964205587,0.0
3.964330995,0.0
3.9644564350000002,0.0
3.964581875,0.0
3.96470725,0.0
3.964832626,0.0
3.964958034,0.0
3.965083442,0.0
3.9652088500000002,0.0
3.9653342570000003,0.0
3.965459697,0.0
3.965585137,0.0
3.9657105770000003,0.0
3.965836049,0.0
3.965961521,0.0
3.9660869610000002,0.0
3.9662124,0.0
3.966337872,0.0
3.966463312,0.0
3.966588752,0.0
3.96671416,0.0
3.966839568,0.0
3.966965007,0.0
3.967090383,0.0
3.967215791,0.0
3.967341167,0.0
3.967466575,0.0
3.96759195,0.0
3.967717326,0.0
3.967842702,0.0
3.967968078,0.0
3.968093454,0.0
3.968218862,0.0
3.9683442060000003,0.0
3.968469581,0.0
3.968594925,0.0
3.9687203010000003,0.0
3.968845677,0.0
3.968971085,0.0
3.9690964920000003,0.0
3.9692219,0.0
3.969347276,0.0
3.969472652,0.0
3.96959806,0.0
3.969723468,0.0
3.969848876,0.0
3.969974252,0.0
3.970099659,0.0
3.970225067,0.0
3.970350475,0.0
3.970475883,0.0
3.970601323,0.0
3.970726763,0.0
3.970852202,0.0
3.9709776100000003,0.0
3.97110305,0.0
3.97122849,0.0
3.9713538980000003,0.0
3.971479305,0.0
3.971604713,0.0
3.9717301210000002,0.0
3.971855529,0.0
3.971980969,0.0
3.9721064090000002,0.0
3.972231849,0.0
3.972357288,0.0
3.972482728,0.0
3.972608136,0.0
3.972733576,0.0
3.972859016,0.0
3.972984456,0.0
3.973109832,0.0
3.973235207,0.0
3.9733606150000003,0.0
3.973486023,0.0
3.973611431,0.0
3.973736807,0.0
3.973862278,0.0
3.973987719,0.0
3.974113158,0.0
3.974238598,0.0
3.974363974,0.0
3.974489414,0.0
3.9746148530000003,0.0
3.974740261,0.0
3.974865669,0.0
3.9749910770000003,0.0
3.975116517,0.0
3.975241957,0.0
3.9753673970000003,0.0
3.975492805,0.0
3.975618244,0.0
3.9757436520000002,0.0
3.975869092,0.0
3.975994564,0.0
3.976120004,0.0
3.976245443,0.0
3.976370915,0.0
3.976496355,0.0
3.9766217950000002,0.0
3.976747235,0.0
3.976872643,0.0
3.976998082,0.0
3.9771234900000003,0.0
3.97724893,0.0
3.97737437,0.0
3.9774997780000003,0.0
3.977625186,0.0
3.977750594,0.0
3.977876034,0.0
3.978001505,0.0
3.978126977,0.0
3.9782523850000002,0.0
3.978377825,0.0
3.978503265,0.0
3.978628672,0.0
3.978754112,0.0
3.978879552,0.0
3.979005024,0.0
3.979130432,0.0
3.97925584,0.0
3.979381279,0.0
3.979506687,0.0
3.979632063,0.0
3.979757439,0.0
3.9798828790000003,0.0
3.980008319,0.0
3.980133727,0.0
3.980259166,0.0
3.980384574,0.0
3.980510014,0.0
3.98063539,0.0
3.980760862,0.0
3.980886302,0.0
3.981011773,0.0
3.9811372130000002,0.0
3.981262653,0.0
3.981388125,0.0
3.981513597,0.0
3.981639069,0.0
3.981764508,0.0
3.981889948,0.0
3.98201542,0.0
3.98214086,0.0
3.982266332,0.0
3.982391804,0.0
3.9825172440000003,0.0
3.982642683,0.0
3.982768091,0.0
3.9828934990000002,0.0
3.983018907,0.0
3.983144347,0.0
3.983269786,0.0
3.983395227,0.0
3.983520634,0.0
3.983646042,0.0
3.98377145,0.0
3.98389689,0.0
3.984022298,0.0
3.9841477370000002,0.0
3.984273145,0.0
3.984398617,0.0
3.9845240250000002,0.0
3.984649465,0.0
3.984774905,0.0
3.984900344,0.0
3.9850258160000003,0.0
3.985151256,0.0
3.985276728,0.0
3.9854021360000003,0.0
3.985527576,0.0
3.985653015,0.0
3.985778455,0.0
3.985903895,0.0
3.986029303,0.0
3.986154743,0.0
3.986280183,0.0
3.986405655,0.0
3.986531094,0.0
3.986656534,0.0
3.986782006,0.0
3.986907478,0.0
3.987032918,0.0
3.987158357,0.0
3.987283797,0.0
3.987409237,0.0
3.987534677,0.0
3.987660085,0.0
3.987785525,0.0
3.987910964,0.0
3.988036437,0.0
3.988161844,0.0
3.988287316,0.0
3.9884127560000002,0.0
3.988538132,0.0
3.98866354,0.0
3.988788916,0.0
3.988914355,0.0
3.989039763,0.0
3.989165203,0.0
3.989290579,0.0
3.989415955,0.0
3.989541426,0.0
3.9896668980000003,0.0
3.98979237,0.0
3.98991781,0.0
3.9900432500000003,0.0
3.990168722,0.0
3.99029413,0.0
3.990419505,0.0
3.990544945,0.0
3.990670353,0.0
3.9907957290000002,0.0
3.990921137,0.0
3.991046577,0.0
3.9911719850000003,0.0
3.991297392,0.0
3.991422768,0.0
3.9915481760000002,0.0
3.991673552,0.0
3.991798928,0.0
3.9919243030000002,0.0
3.992049711,0.0
3.992175119,0.0
3.9923004950000003,0.0
3.992425871,0.0
3.992551279,0.0
3.9926766860000003,0.0
3.992802062,0.0
3.99292747,0.0
3.993052846,0.0
3.993178254,0.0
3.993303661,0.0
3.9934290370000003,0.0
3.993554445,0.0
3.993679853,0.0
3.993805229,0.0
3.993930669,0.0
3.994056077,0.0
3.994181485,0.0
3.994306892,0.0
3.9944323,0.0
3.9945577080000003,0.0
3.994683148,0.0
3.994808524,0.0
3.994933932,0.0
3.995059308,0.0
3.995184715,0.0
3.9953101550000003,0.0
3.995435531,0.0
3.995560939,0.0
3.9956863460000003,0.0
3.995811754,0.0
3.995937162,0.0
3.9960625700000003,0.0
3.99618801,0.0
3.996313418,0.0
3.9964388250000003,0.0
3.996564233,0.0
3.996689641,0.0
3.9968150170000003,0.0
3.996940425,0.0
3.997065833,0.0
3.997191241,0.0
3.997316648,0.0
3.997442056,0.0
3.9975674640000003,0.0
3.997692904,0.0
3.997818312,0.0
3.997943751,0.0
3.998069159,0.0
3.998194631,0.0
3.998320071,0.0
3.998445543,0.0
3.998571015,0.0
3.998696455,0.0
3.998821894,0.0
3.998947367,0.0
3.999072806,0.0
3.999198278,0.0
3.9993237180000003,0.0
3.999449158,0.0
3.999574598,0.0
3.9997000050000002,0.0
3.999825413,0.0
3.999950853,0.0
4.000076261,0.0
4.000201701,0.0
4.000327205,0.0
4.000452676,0.0
4.000578116,0.0
4.000703556,0.0
4.000828996,0.0
4.000954436,0.0
4.001079875,0.0
4.001205316,0.0
4.001330755,0.0
4.001456163,0.0
4.001581539,0.0
4.001706947,0.0
4.001832354,0.0
4.001957762,0.0
4.00208317,0.0
4.002208546,0.0
4.00233389,0.0
4.002459234,0.0
4.00258461,0.0
4.002709986,0.0
4.002835361,0.0
4.0029607050000005,0.0
4.003086081,0.0
4.003211489,0.0
4.0033368970000005,0.0
4.003462272,0.0
4.00358768,0.0
4.0037130560000005,0.0
4.003838432,0.0
4.003963808,0.0
4.004089184,0.0
4.004214591,0.0
4.004339999,0.0
4.0044653750000005,0.0
4.004590751,0.0
4.004716095,0.0
4.004841471,0.0
4.004966847,0.0
4.005092223,0.0
4.005217598,0.0
4.005342974,0.0
4.005468382,0.0
4.00559379,0.0
4.00571923,0.0
4.005844637,0.0
4.005970013,0.0
4.006095453,0.0
4.006220829,0.0
4.006346237,0.0
4.006471645,0.0
4.006597053,0.0
4.006722461,0.0
4.006847868,0.0
4.006973244,0.0
4.007098684,0.0
4.00722406,0.0
4.007349467,0.0
4.007474908,0.0
4.007600283,0.0
4.007725691,0.0
4.007851067,0.0
4.007976475,0.0
4.008101851,0.0
4.008227259,0.0
4.008352666,0.0
4.008478074,0.0
4.00860345,0.0
4.0087288580000005,0.0
4.008854234,0.0
4.008979641,0.0
4.009105049,0.0
4.009230457,0.0
4.009355865,0.0
4.009481241,0.0
4.009606617,0.0
4.009732057,0.0
4.009857464,0.0
4.009982872,0.0
4.01010828,0.0
4.0102336560000005,0.0
4.010359064,0.0
4.010484408,0.0
4.0106098150000005,0.0
4.010735191,0.0
4.010860567,0.0
4.0109859750000005,0.0
4.011111319,0.0
4.011236727,0.0
4.011362103,0.0
4.011487478,0.0
4.011612854,0.0
4.01173823,0.0
4.011863606,0.0
4.011988981,0.0
