density,density_level,target_long_fraction_pct,measured_long_fraction,model_key,model_label,cucumis_all_ttft_p99_ms,vllm_all_ttft_p99_ms,best_chunk_all_ttft_p99_ms,cucumis_vs_vllm_all_ttft_p99_ms_improvement,cucumis_vs_best_chunk_all_ttft_p99_ms_improvement,cucumis_short_ttft_p99_ms,vllm_short_ttft_p99_ms,best_chunk_short_ttft_p99_ms,cucumis_vs_vllm_short_ttft_p99_ms_improvement,cucumis_vs_best_chunk_short_ttft_p99_ms_improvement,cucumis_all_completion_p99_ms,vllm_all_completion_p99_ms,best_chunk_all_completion_p99_ms,cucumis_vs_vllm_all_completion_p99_ms_improvement,cucumis_vs_best_chunk_all_completion_p99_ms_improvement,cucumis_short_completion_p99_ms,vllm_short_completion_p99_ms,best_chunk_short_completion_p99_ms,cucumis_vs_vllm_short_completion_p99_ms_improvement,cucumis_vs_best_chunk_short_completion_p99_ms_improvement,cucumis_round_wall_ms,vllm_round_wall_ms,cucumis_vs_vllm_round_wall_ratio,cucumis_throughput_rps,vllm_throughput_rps,cucumis_vs_vllm_throughput_ratio
high_l10,high,10,0.1,baichuan2-7b-chat,Baichuan2-7B-Chat,422.01945707551204,594.2842455927165,595.5368141923099,1.408191578916659,1.4111596141069636,154.68377810320817,154.43786069954513,159.6907820974593,0.9984101926738629,1.0323692894991896,4779.59648128337,4934.367470916186,4888.516468159505,1.0323816017186578,1.0227885318985943,4694.936203006364,4529.868772556074,4501.258896279614,0.9648413901035353,0.9587476169318915,8857.678961503552,8746.690109488554,1.0126892402298093,4.51585799550631,4.573158590183478,0.987470236698074
high_l10,high,10,0.1,gemma-2-9b-it,Gemma-2-9B-IT,619.6120016879283,1019.2624310962854,1008.1596638230257,1.645001110888171,1.627082208021516,251.16022118891124,252.26403262349777,247.87185207242146,1.0043948497471513,0.986907285314037,7965.368634460319,8710.073995936546,8656.30458260508,1.0934928935058237,1.0867424948991797,7965.4572170824395,7959.37610015535,7911.911782236712,0.9992365639835403,0.9932777951865843,12330.841339018662,12274.820500490023,1.0045638825045469,3.244056777539476,3.2587104470208486,0.9955032305816649
high_l10,high,10,0.1,gemma-7b-it,Gemma-7B-IT,499.6157870834577,811.0673489485634,806.8327500790474,1.6233821466756009,1.6149064359815175,220.9184525869204,212.4389736418379,210.97337845712894,0.9616171539960146,0.9549830536411232,5245.517241797934,5367.971995183325,5349.4035876204725,1.0233446479614314,1.0198047858835997,5064.446543730446,4877.759395189059,4868.548083075439,0.9631376998593268,0.9613188807575587,9060.714048508089,8942.608988523716,1.0132070025801128,4.4147027329949875,4.472971976711879,0.98697303626755
high_l10,high,10,0.1,mistral-7b-instruct-v0.2,Mistral-7B-Instruct-v0.2,392.74206592934206,662.1436618154985,644.3901404881034,1.6859504475250795,1.6407464246624275,162.61277653393333,217.414066522906,184.99917351000477,1.3370048230960314,1.1376669008009954,4958.28226108657,5200.322333845834,5146.4348851057,1.0488153074016853,1.0379471385676817,4789.110775408335,4762.3356606200105,4706.773026497103,0.9944091677883475,0.9828072991474682,9012.187230488053,8952.317729970673,1.006687597818043,4.438437953340754,4.4681458238392295,0.9933511860020385
high_l10,high,10,0.1,qwen2.5-7b-instruct,Qwen2.5-7B-Instruct,401.89623011508957,545.1413628176668,540.3539663951959,1.3564231808334124,1.3445111596106705,143.49205021426314,149.01741574140033,153.20275555131957,1.0385064226128673,1.0676741695623997,4775.298083552043,4568.708169444872,4511.758431713388,0.9567377972029126,0.9448118950424506,4543.187613748887,4177.606594616373,4122.851877007633,0.919532044411688,0.9074799958801599,8838.368645490846,8429.033005493693,1.0485625859728351,4.529451743525124,4.745558469537102,0.954461265750023
high_l30,high,30,0.3,baichuan2-7b-chat,Baichuan2-7B-Chat,551.8973006610759,803.4526006274973,798.2098226732342,1.4558009246740335,1.4463013711375634,231.06909844937036,204.48053421772784,199.15653992298758,0.8849324102181134,0.8618917079759363,5233.266877786955,5303.146419766999,5279.022952346422,1.0133529482848762,1.008743309987435,5136.177008160448,5004.422624742147,4973.3705395506695,0.974347772047387,0.9683020136667586,8878.241748985602,8717.747255490394,1.0184100879265716,4.505405493310361,4.588349317610806,0.9819229490697028
high_l30,high,30,0.3,gemma-2-9b-it,Gemma-2-9B-IT,744.8655300872632,1435.43059812102,1432.3348247993272,1.9271003156138196,1.922944165011267,409.80958930449566,380.9494147339137,485.7560105709127,0.9295766245500461,1.1853212400307878,9445.61798261333,9590.219161880668,9376.331933533365,1.0153088108722486,0.9926647415544965,9102.2131686777,8770.468210828258,8586.762890502869,0.9635533741408041,0.943370884792219,13228.401262516854,12428.855534497416,1.0643297949517738,3.023798305384992,3.2183859367805314,0.9395387516544419
high_l30,high,30,0.3,gemma-7b-it,Gemma-7B-IT,638.8228501449339,1836.662339225586,1837.7263722522184,2.875073017204833,2.876738632369336,386.6288897319465,465.2124635176733,833.6452078050934,1.2032532381121586,2.1561896432081613,6061.59123758116,7249.827363646182,7094.369611696457,1.196027095772822,1.1703807356246971,5868.305945248285,6766.141672116064,6610.11363100406,1.15299742979399,1.1264091703256263,9595.462081488222,9196.855899499496,1.0433415708960296,4.168639860712944,4.349480693630513,0.9584224311692207
high_l30,high,30,0.3,mistral-7b-instruct-v0.2,Mistral-7B-Instruct-v0.2,554.6663609857205,993.0031537348987,981.1999228724744,1.790271095528836,1.7689912204676401,255.04369587550173,252.1198288712185,247.93694602820324,0.9885358193455975,0.9721351675723535,5458.734381454124,6027.8210539979045,5993.792748796113,1.104252493852281,1.0980187585532342,5202.85747121583,5564.716711785877,5537.44024947111,1.0695500967635552,1.0643075041179426,9070.258547493722,8945.11393251014,1.0139902762477688,4.410054050776228,4.471752238789915,0.9862026819199663
high_l30,high,30,0.3,qwen2.5-7b-instruct,Qwen2.5-7B-Instruct,505.4633255925728,764.4037891374319,733.33111182641,1.5122833852313498,1.450809731777671,204.69550090609118,207.60472607478732,193.09307996038115,1.014212452915762,0.9433186323375378,4823.374601836549,5129.718880332366,5015.467270963127,1.0635124376156007,1.0398253681257592,4574.1359562423895,4740.336362444214,4622.899654896173,1.036334819907355,1.0106607453561225,8540.961877501104,8486.479066981701,1.0064199546230401,4.68331633544787,4.713533133584079,0.9935893527679028
high_l50,high,50,0.5,baichuan2-7b-chat,Baichuan2-7B-Chat,598.9961492008297,1062.4507909605745,1044.1248552291654,1.773718900160006,1.7431244868973177,273.57341206428816,241.8284710147418,244.19927000417374,0.8839618923125231,0.8926279354471345,5311.341345812252,6210.7963090221165,6183.193793474347,1.169346103864901,1.1641492027902727,5121.057461919845,5899.725429285027,5858.200153968937,1.1520521831975823,1.1439434526033894,8982.79199100216,9660.847969003953,0.9298140307996481,4.453967229258472,4.1404593557493845,1.075718138151448
high_l50,high,50,0.5,gemma-2-9b-it,Gemma-2-9B-IT,1061.0045988031197,2034.9143869866384,1925.233148690313,1.9179128811337391,1.8145379867929865,301.712023812579,425.14976748498157,529.7689517860997,1.4091243766575279,1.75587616658986,8901.307431319728,10470.488417321467,10174.475269859831,1.1762865734173489,1.1430315544501242,8487.293645803293,9661.021151410241,9461.954118667345,1.138292317267392,1.1148376047229134,12783.254272537306,13841.538897977443,0.9235428493001759,3.1290972289989925,2.8898527695195053,1.0827877675994082
high_l50,high,50,0.5,gemma-7b-it,Gemma-7B-IT,1214.1782091531786,2822.126204336819,2707.988499746716,2.3243097125792547,2.230305633334819,275.0334277161164,477.88981661200523,702.7965479929117,1.7375699404265608,2.55531319894076,6684.543700293871,9202.00843146682,8701.306996367057,1.3766098097409813,1.3017054546272955,6466.66025358747,8693.981123868725,8205.232664222713,1.3444314039918237,1.2688516703302521,10182.8111979994,11431.282168487087,0.8907846948324502,3.9283941165975866,3.4991817380089354,1.1226607849276433
high_l50,high,50,0.5,mistral-7b-instruct-v0.2,Mistral-7B-Instruct-v0.2,698.2604870994692,1331.9214739787276,1266.9707313462277,1.907485098450074,1.8144671719993002,249.62350862304442,274.28900871775113,275.0957547436701,1.09881080604453,1.1020426572045794,5652.108451549429,6862.437860888895,6772.991255887318,1.2141376832583024,1.1983123313974307,5442.36795716628,6465.758308139048,6391.873182112176,1.1880413744581917,1.174465459230045,9207.032625505235,10087.87485648645,0.9126830731435136,4.345104488380345,3.9651612570825847,1.0958203731611431
high_l50,high,50,0.5,qwen2.5-7b-instruct,Qwen2.5-7B-Instruct,678.8905850157607,1020.328652166063,961.777876035776,1.5029353399301828,1.416690549646447,270.80654409219267,254.8850183407194,225.77029798412696,0.9412070125378765,0.8336958722358877,5275.4633370394,6243.526071894448,5782.661422179372,1.1835028836345447,1.0961428509186857,5081.3001810980495,5813.427494872885,5446.958671544271,1.144082673268995,1.071961599868954,8927.543356461683,9749.274386529578,0.915713621600058,4.480523980674557,4.102877246940771,1.0920443656985768
high_l70,high,70,0.7,baichuan2-7b-chat,Baichuan2-7B-Chat,744.0335948558641,2113.2073634365224,2010.515595584293,2.840204230087081,2.70218389261546,202.70638186455471,213.15137299825437,206.63515241554705,1.0515276876713178,1.0193815829321915,5615.074499346665,7484.872250862536,7040.633657082508,1.33299607186573,1.2538807201759676,5419.997831215442,7191.853713338787,6762.761234052305,1.326910810170196,1.2477424243794848,8972.243926487863,10372.055121493759,0.8650401315256124,4.458239017918123,3.8565825230873862,1.156007680693704
high_l70,high,70,0.7,gemma-2-9b-it,Gemma-2-9B-IT,943.8700751319993,3419.664365860226,3515.148295451654,3.6230244563924643,3.7241866100692556,324.7713212875533,316.9575761235319,357.20462820114335,0.9759407784743929,1.0998650582354639,9035.959574995504,11988.096872182505,11486.694242023514,1.3267098831823259,1.271220189365359,8564.727082617756,11237.135759158991,10490.28306313412,1.312024965975265,1.2248239741841056,12292.39080901607,15202.30283899582,0.8085874185774369,3.2540499975528903,2.6311952751068484,1.2367193071296272
high_l70,high,70,0.7,gemma-7b-it,Gemma-7B-IT,1332.9892081191065,4760.04532102932,5137.987797451497,3.570955632676057,3.8544856673681354,251.65215927991085,385.12974145123735,369.3795602678438,1.5304050740246595,1.4678179647844214,6915.866310957354,11189.702941190917,10567.704543412547,1.6179755995951204,1.528037713318619,6683.2618263340555,10687.126043708704,10090.261565640394,1.599088337613562,1.5097809763911594,9986.608147999505,13669.346979993861,0.7305841429452097,4.006731642447518,2.9262910011388534,1.3692184546540924
high_l70,high,70,0.7,mistral-7b-instruct-v0.2,Mistral-7B-Instruct-v0.2,808.8415986485779,2657.220101803541,2646.6190229394124,3.285216915454467,3.272110419841678,256.8900777617819,227.65967997838743,218.42132710211445,0.8862143760550367,0.8502520961695526,6162.9055368187255,8417.649870597234,7965.396787908685,1.3658573574279382,1.292474262394812,5916.1746167362435,7974.260678392893,7521.217379488226,1.347874461959682,1.2712973951464317,9556.14149098983,11182.40153545048,0.8545696969201941,4.1859755183154626,3.5770530512131096,1.170230203014698
high_l70,high,70,0.7,qwen2.5-7b-instruct,Qwen2.5-7B-Instruct,709.2097515281057,2057.308903487865,1912.9261647822568,2.9008468919879684,2.6972643292912313,208.74954161874484,211.12345270521473,198.66992687719176,1.0113720541279345,0.9517143143721856,5496.046088203439,7288.288001200999,6919.626997731684,1.3260965945763044,1.2590190996730868,5286.778340486344,6907.309376273188,6544.810613631853,1.3065252468363875,1.2379582029213239,8899.159606022295,10063.322945992695,0.8843162098425967,4.496002864266753,3.9748313260561305,1.1311179004739642
high_l90,high,90,0.9,baichuan2-7b-chat,Baichuan2-7B-Chat,833.5317363505601,2962.5391588028288,3033.5077835412812,3.5542007935698656,3.639342872321628,197.33052244933788,171.8215760833118,171.5320313538541,0.870729849344137,0.8692625409629309,6083.170733419538,9345.76762558514,8170.8836057569715,1.536331632818005,1.3431948508148916,5868.83048230462,8949.13317582017,7826.784570496238,1.5248580109449594,1.333619124644192,8997.16231651837,11835.950954991858,0.7601554239901427,4.4458478384031315,3.379535254555603,1.315520479453541
high_l90,high,90,0.9,gemma-2-9b-it,Gemma-2-9B-IT,1194.0032907837303,4725.043594383751,5275.628607904364,3.9573120366211767,4.418437242699307,313.0351650342345,299.05269367736764,304.8497399833286,0.9553325858603211,0.9738514200153496,9431.604907342698,13515.121779220062,12924.462767503574,1.4329609766306328,1.3703354725388903,9098.915182362252,12794.353609741374,11478.78801681567,1.406140551188182,1.261555667544486,12754.785589990206,16741.463298996678,0.7618680256435293,3.1365503611364733,2.389279722294498,1.3127597961298347
high_l90,high,90,0.9,gemma-7b-it,Gemma-7B-IT,1391.3968417569413,8933.35437634436,7857.682835389569,6.420421628285468,5.647334103092785,250.6722004909534,291.17565245804144,289.74067535309587,1.1615793529867298,1.1558548366576948,7754.8214160927455,14069.830713493284,12567.976843255456,1.8143332977721034,1.6206661854487696,7511.964005667542,13622.224602388742,11941.593865176837,1.8134038704273876,1.5896766619445033,9999.73253099597,17937.64673100668,0.5574718178450142,4.006516853878061,2.2302756163463373,1.7964223006847837
high_l90,high,90,0.9,mistral-7b-instruct-v0.2,Mistral-7B-Instruct-v0.2,1031.8440443373402,3509.479010545183,3976.5848325155093,3.4011719404738177,3.853862271472729,189.56685009994544,187.32360638241516,186.92921813722933,0.9881664768056885,0.9860860062752245,6734.620223088714,10145.154228453757,9156.617599633755,1.506418163517595,1.359633846648332,6505.152823453536,9665.330688764807,8726.664962262439,1.485796099042844,1.3415003765629474,9651.501707994612,12628.550224500941,0.7642604682578299,4.151240074351328,3.1692304760104033,1.3098574262030735
high_l90,high,90,0.9,qwen2.5-7b-instruct,Qwen2.5-7B-Instruct,763.5266904026503,2746.8860238490743,2943.712501930422,3.5976293407640902,3.8554153233045962,186.73005167773226,171.14107606117614,167.9970198139199,0.9165159786735327,0.8996785375706813,5661.945686545223,8667.784602144093,8063.879360544088,1.5308844489168807,1.4242240754281175,5465.948311021202,8331.277648827818,7728.134827291069,1.5242144957772727,1.4138689917188811,8952.822531980928,10890.825963491807,0.8220517490585703,4.467876084700432,3.6728198920239086,1.2164702370522196
mid_l10,mid,10,0.1,baichuan2-7b-chat,Baichuan2-7B-Chat,429.37139606743585,597.705028078053,577.3353786653023,1.3920466839485954,1.3446060542296294,153.3203076091013,155.52189500886016,145.23435322771547,1.0143593985303756,0.9472610347091045,4918.402709488291,4995.787643719814,4873.343844589253,1.0157337531719874,0.9908387198933277,4753.516366038821,4582.261934007693,4463.973111387168,0.9639731056245764,0.9390886172770382,10323.877402028302,10220.45004949905,1.0101196475721068,3.874513526065266,3.9137250723307444,0.9899810166680597
mid_l10,mid,10,0.1,gemma-2-9b-it,Gemma-2-9B-IT,659.4413981289835,1000.9675519005394,1013.4171729747321,1.5179022044120365,1.5367812452328218,251.4261083357269,247.02755032194545,248.65495100384578,0.9825055637901053,0.9889782435474807,8181.432011258439,8639.522286036226,8755.896302124893,1.0559914540813162,1.0702156162974814,8031.771612528246,7900.6219269300345,8018.275463693135,0.9836711385824717,0.9983196548051666,13808.661964983912,13647.714396531228,1.0117930053176956,2.8967525395442846,2.9308967130464563,0.9883502638116916
mid_l10,mid,10,0.1,gemma-7b-it,Gemma-7B-IT,480.9123813491897,717.0237844667281,736.9158826270723,1.4909655319231598,1.5323287800569203,227.9925359776825,187.22995860589432,187.8039711315068,0.8212109129055948,0.8237285941233198,5157.555725712446,5291.912716635852,5319.89395077253,1.0260505165758238,1.031475806310878,5024.907091958448,4790.270095471351,4823.719869989145,0.9533052070032109,0.959962001627598,10418.236928002443,10420.719029993052,0.9997618108708752,3.8394328134366917,3.8385083090891383,1.0002408499013442
mid_l10,mid,10,0.1,mistral-7b-instruct-v0.2,Mistral-7B-Instruct-v0.2,432.63686210877495,674.0862322036991,586.2758241494884,1.5580878358770505,1.3551222179539686,171.81713234604103,180.9792578816996,148.56738663947908,1.0533248658649823,0.8646831931769366,5634.987578759756,5706.474049515091,5040.840691481426,1.0126861807157823,0.8945611008056383,5446.682387701003,5216.465078634792,4613.543078156363,0.9577325621949138,0.8470372879781042,11104.688619510853,10932.621496496722,1.0157388713282782,3.602100075340523,3.65877573311887,0.9845096660980543
mid_l10,mid,10,0.1,qwen2.5-7b-instruct,Qwen2.5-7B-Instruct,378.8247064867755,515.4807231764424,515.4344811633927,1.3607368113791107,1.3606147443326433,134.65962068439694,128.0609832785558,129.01406504388433,0.9509976533997044,0.9580753635587304,4462.721510704141,4482.206403815071,4471.586427715374,1.0043661458740354,1.0019864374216427,4299.032318720128,4094.6739641105523,4085.1325363881188,0.9524641036728898,0.950244667526554,9889.625089999754,9814.86442752066,1.0076170855981939,4.044643060106365,4.0754518571120215,0.9924403972649334
mid_l30,mid,30,0.3,baichuan2-7b-chat,Baichuan2-7B-Chat,524.053926426277,748.066395050846,762.3654835289926,1.4274607198388822,1.4547462485928742,204.3738030322129,196.11827167565934,203.00498620868893,0.9596057262033122,0.993302386102253,5075.075177270919,5139.348338488489,5214.895812197647,1.012664474706783,1.0275504559130324,4972.075517394987,4820.859810604015,4885.297775063955,0.9695870052130265,0.9825469782131351,10289.923011499923,10129.412576992763,1.0158459765842425,3.887311881517368,3.9488983866476,0.9844041301902134
mid_l30,mid,30,0.3,gemma-2-9b-it,Gemma-2-9B-IT,765.7026474204031,1208.8249115957296,1251.8411925958935,1.5787132454983321,1.6348920782933898,287.7354850163101,295.91552990081254,320.3777382377302,1.0284290444191782,1.113445351446902,8689.023186841805,9048.414639550901,9206.7965035839,1.0413615483560155,1.0595893583902716,8199.574979137687,8245.4026817446,8388.17671782279,1.0055890339101126,1.0230014042392397,13775.200450007105,13798.63670800114,0.9983015526468317,2.903782439752975,2.898853792087795,1.0017002056739228
mid_l30,mid,30,0.3,gemma-7b-it,Gemma-7B-IT,704.5592461311026,1248.6628922991804,1245.8219462330453,1.7722610258198677,1.7682287942059396,409.9707243446029,320.08046761417063,315.8614564634627,0.7807398153267291,0.7704488094080684,5755.8075011047185,6817.259380648029,6795.075062458345,1.1844140686323483,1.1805598191312268,5541.2313159240875,6325.943153022381,6315.536703332036,1.1416132610893235,1.1397352579710565,10363.483784982236,10425.894312997116,0.9940138921284597,3.8597059664296793,3.8366051758641375,1.0060211539907384
mid_l30,mid,30,0.3,mistral-7b-instruct-v0.2,Mistral-7B-Instruct-v0.2,622.7884392517444,841.1651295312913,808.8580175832612,1.3506434553311841,1.2987685168900567,234.79260149309994,224.7804680961417,202.2499179386068,0.9573575430686965,0.8613981729085723,6049.994673342735,5714.854002537322,5606.136372563778,0.9446047990286508,0.9266349270132966,5683.758053952915,5222.8654512469075,5127.0507053041365,0.9189105872679665,0.9020529474752004,11080.374759010738,10434.516465524212,1.0618963318157053,3.6099874179278872,3.8334327188026274,0.9417114327378796
mid_l30,mid,30,0.3,qwen2.5-7b-instruct,Qwen2.5-7B-Instruct,505.93666091910563,693.1460655902629,697.0597841686686,1.3700253789299728,1.377760968937022,206.37086075556,182.7362343427376,180.9203476709081,0.8854749826293699,0.8766758398376927,5310.805296109174,4872.121129671577,4865.987385852786,0.9173978065512988,0.9162428510451565,5057.560605265608,4465.886284262233,4448.710923942272,0.8830119167751819,0.8796159396113927,10445.402734476374,9886.587312998017,1.056522579914272,3.829438058082113,4.045893579754823,0.9464999468211848
mid_l50,mid,50,0.5,baichuan2-7b-chat,Baichuan2-7B-Chat,629.7332474199357,864.6197677063174,857.459420626983,1.372993678273665,1.3616232335517595,247.66407829505616,204.44965851085723,216.79942662856774,0.8255119592567027,0.8753769546275596,5826.266623794218,5751.373662521655,5751.641546746541,0.9871456343987584,0.987191613109,5661.824759110168,5402.011606697924,5405.251115883875,0.9541114104610549,0.954683577443217,10503.383936505998,10779.063046502415,0.9744245757903912,3.809484156058013,3.7109052389128334,1.0265646549287957
mid_l50,mid,50,0.5,gemma-2-9b-it,Gemma-2-9B-IT,925.2913388176239,1436.675714875164,1471.1497863160912,1.5526739034551091,1.5899314352125982,316.1082129218265,352.4335754918866,355.47806300019147,1.114914327072683,1.1245454830624761,8948.12138789508,9891.067987481074,9734.208624376042,1.1053792811596859,1.0878494158052407,8512.421716164099,9046.778433241707,8920.518650288286,1.0627737599116978,1.0479413435719778,14166.208973008906,14946.816335024778,0.9477743390619794,2.823646823602704,2.6761553444498363,1.0551131979160906
mid_l50,mid,50,0.5,gemma-7b-it,Gemma-7B-IT,1161.2728884621174,2013.4534130673273,1930.3751851760899,1.7338331352364207,1.662292476088459,396.5545332175677,327.8257163101807,330.23423443344655,0.8266850807384939,0.8327586921122526,7352.259708440979,8522.415796989517,8383.108559897519,1.1591559785633123,1.1402084382673592,7111.98512012721,8052.469018096745,7882.0897963270545,1.1322392949484563,1.1082826613374677,11907.308595022187,12076.687487482559,0.9859747225689219,3.359592661792728,3.312166909198618,1.0143186481521804
mid_l50,mid,50,0.5,mistral-7b-instruct-v0.2,Mistral-7B-Instruct-v0.2,714.2844660609262,1068.639412993798,1059.9589425860904,1.4960977926442074,1.4839451128364303,280.3958693901949,267.52647102694027,266.9605010014493,0.9541027533991746,0.9520842856281555,6408.5803143066005,6434.310010810441,6357.158975279017,1.0040148824297952,0.9919761731139126,6159.673018865724,6029.209646620438,5933.296708360431,0.9788197568530497,0.9632486481324655,11575.232411996694,11253.535933996318,1.0285862576782243,3.4557101891671858,3.554442412749284,0.9722228658908751
mid_l50,mid,50,0.5,qwen2.5-7b-instruct,Qwen2.5-7B-Instruct,559.7098432763596,800.647673716594,802.6669833462802,1.4304691677921235,1.434076947169141,199.36119267338654,228.22082712023985,221.16443530569086,1.1447605427107073,1.1093655306728856,5182.0703548475285,5492.883505434729,5424.724429239868,1.0599785663458723,1.0468257004973602,4970.234053713502,5090.748662248661,5047.810915539158,1.0242472702960772,1.0156082914782845,10090.393024001969,10462.46126954793,0.9644377899272226,3.9644183168477536,3.8231946607810636,1.0369386517289807
mid_l70,mid,70,0.7,baichuan2-7b-chat,Baichuan2-7B-Chat,601.3735657476354,1556.045436549466,1469.2002351820702,2.5874855916138753,2.443074186933277,216.9532828850788,203.61317836068338,201.18437254568562,0.9385116263418712,0.9273165626733288,5590.53790241247,7041.447389842651,6762.713387639378,1.259529496581013,1.2096713242425352,5408.9801229245495,6746.658608188736,6459.497462204308,1.247306970050562,1.1942172674710738,10596.194628014928,11297.804471978452,0.9378985673098076,3.774944585792249,3.5405137165567258,1.0662138005960093
mid_l70,mid,70,0.7,gemma-2-9b-it,Gemma-2-9B-IT,1064.0934101454332,2850.884906333522,2592.515889497008,2.6791678993142924,2.4363611923343087,313.7472557584988,289.06655368511565,286.5098087021033,0.9213357196903081,0.9131866604201919,9935.181725349685,11690.00310561707,10916.213089271914,1.1766270037909772,1.0987431726003685,9529.803135835682,10843.362993422488,10104.931791329,1.1378370401637492,1.060350528473208,15263.962832977995,15896.275584003888,0.9602225849895194,2.6206841961837486,2.51631406653914,1.041477385924308
mid_l70,mid,70,0.7,gemma-7b-it,Gemma-7B-IT,1357.6514313346706,4073.0672250210773,4046.7641901399475,3.0000831811571507,2.980709257722862,270.06229325197637,313.37037239049096,312.9025413701311,1.1603632947680957,1.158630986955974,7442.2894314085715,11046.328836452158,10214.012468714209,1.4842648808891412,1.3724288154674797,7291.83503245411,10513.484723399743,9709.864983679436,1.441816041724324,1.3316078792873518,11793.710901489248,14592.967093980405,0.8081777218804359,3.3917160664909414,2.7410513251299595,1.2373778029603777
mid_l70,mid,70,0.7,mistral-7b-instruct-v0.2,Mistral-7B-Instruct-v0.2,713.1575213710312,2097.90225026547,1975.8195663517108,2.941709492500751,2.7705233516337833,228.1796742993174,211.0693670422188,219.00852959981424,0.9250138851778097,0.9598073547625771,6169.919411562732,8015.536137110903,7745.270993123122,1.2991314152482112,1.25532774036045,5886.408783618681,7558.934734515788,7283.732674039202,1.2841335035296204,1.2373813885146987,10830.503547505941,11856.537114508683,0.9134626276548151,3.695421084610717,3.3736928628886043,1.095363814904788
mid_l70,mid,70,0.7,qwen2.5-7b-instruct,Qwen2.5-7B-Instruct,590.0795668721548,1545.48484703555,1434.646291496465,2.619112631246882,2.4312760041855372,206.55775580613408,196.87380280141952,194.37367545906454,0.9531174563408624,0.9410136874332379,5327.89357736794,6907.997875465371,6613.55694365775,1.2965720458098988,1.2413080043023206,5097.723028915352,6503.287907919439,6214.225423535972,1.2757240577864721,1.2190198228282676,10202.220196515555,10958.61851752852,0.9309768544453763,3.9225434908165133,3.6500981298590234,1.0746405579424827
mid_l90,mid,90,0.9,baichuan2-7b-chat,Baichuan2-7B-Chat,712.7694908686681,2255.381725501793,2139.0928082732717,3.1642512122020108,3.00110040577959,191.66271665802924,174.04222960729385,177.7681152257719,0.9080651294212091,0.9275049332779284,6293.524475101149,8658.299259570776,8129.71504905523,1.3757472929239098,1.291758708688357,6040.66436866211,8325.168449273915,7777.833383537654,1.3781875537504458,1.2875791318398133,11049.816151993582,11636.495590501,0.9495828074745862,3.6223864119652522,3.4374691139630738,1.0537946064012738
mid_l90,mid,90,0.9,gemma-2-9b-it,Gemma-2-9B-IT,1083.9050646164105,3842.061124549946,4199.558302337246,3.54464726660322,3.8744705965770643,288.3040042722132,259.27224350743927,262.1812137454981,0.899301569403932,0.9093915098659182,10044.89995034819,13311.868571850355,12374.561956357502,1.3252365516481746,1.231924859134964,9644.758006070915,12573.603165177628,11495.475580693746,1.3036722287135816,1.1918884406905692,15316.206503484864,16928.471976018045,0.9047601298677624,2.611709875714527,2.3628830819182567,1.105306435049789
mid_l90,mid,90,0.9,gemma-7b-it,Gemma-7B-IT,1152.8449173850822,6853.466629930772,6547.692533864465,5.944829635434411,5.679595264830711,256.6214907958056,287.4144282497582,254.00461140758125,1.1199936036473837,0.9898025711716149,7697.014928948192,13655.726154724252,12429.342432022677,1.7741587200728381,1.61482633810107,7445.7938324450515,13183.048677953193,11835.898589616118,1.7705363557755318,1.5896086912910725,11244.094054505695,17355.599656526465,0.6478654887777054,3.5591247560871797,2.3047357175111443,1.5442658908981697
mid_l90,mid,90,0.9,mistral-7b-instruct-v0.2,Mistral-7B-Instruct-v0.2,831.753208602313,2933.9639528287807,2857.6255691921688,3.527445307676114,3.4356652185257612,215.2293027169071,189.76680225896416,182.8628747552284,0.8816959394630666,0.84961885973189,6991.263760221191,9732.734280837758,9018.930077272234,1.3921280350220733,1.2900285823269944,6720.593069729803,9313.883946433489,8592.282493424718,1.3858723255220016,1.2785006329463964,11532.854525488801,12619.09538198961,0.913920861708429,3.4696970343956597,3.1698010477421175,1.0946103500303785
mid_l90,mid,90,0.9,qwen2.5-7b-instruct,Qwen2.5-7B-Instruct,778.8600050553214,2337.901427016768,2040.5431734307786,3.0016965973887824,2.6199100739366394,188.26444341393653,340.2927445920067,170.73669532575877,1.8075253001641205,0.9068982556114458,5900.273564211966,9054.334914084466,7901.7960059133475,1.5345618835376411,1.339225363013944,5647.324161325523,8693.346145707765,7568.888782835857,1.5393743828700792,1.3402610805786133,10353.602422983386,11838.081385998521,0.8746013889741541,3.8668020304947204,3.3821868566504447,1.1432845653963115
