density,density_level,target_long_fraction_pct,model_key,model_label,method,method_variant,resource_profile,kv_profile,kv_profile_label,paper_default_kv,ttft_mode,gpu_count,physical_measurement_gpu_count,prefill_workers,decode_workers,output_tokens,decode_replay_mode,decode_batch_size,decode_batch_alpha,repeat_count,stage_measurement,execution_mode,kv_bytes_per_token,all_completion_p50_ms,all_completion_p90_ms,all_completion_p99_ms,all_tpot_p50_ms,all_tpot_p90_ms,all_tpot_p99_ms,all_ttft_p50_ms,all_ttft_p90_ms,all_ttft_p99_ms,kv_transfer_mean_ms,long_completion_p50_ms,long_completion_p90_ms,long_completion_p99_ms,long_request_count,long_tpot_p50_ms,long_tpot_p90_ms,long_tpot_p99_ms,long_ttft_p50_ms,long_ttft_p90_ms,long_ttft_p99_ms,measured_long_fraction,request_count,round_wall_ms,short_completion_p50_ms,short_completion_p90_ms,short_completion_p99_ms,short_request_count,short_tpot_p50_ms,short_tpot_p90_ms,short_tpot_p99_ms,short_ttft_p50_ms,short_ttft_p90_ms,short_ttft_p99_ms,throughput_rps,tpot_mean_ms
high_l10,high,10,baichuan2-7b-chat,baichuan-inc--Baichuan2-7B-Chat,DistServe,DistServe-2A100,distserve_2a100,realistic_pcie,realistic PCIe,True,prefill_finish,2.0,1,1,1,64,continuous_batching,16,0.08,2,real_a100_individual_vllm_lora,stage_measurement_logical_pd_replay_continuous_batching,524288,18459.054008279778,24129.474226836584,24349.93970884571,158.1642075899238,159.74409221986204,159.8438410264797,179.12175777131606,424.7596819729305,460.83748360094694,5.857337600000002,14263.227982665565,18229.244449614853,18336.04807607873,4.0,159.69554704028667,159.77496081316926,159.78735592441066,319.7079047500902,422.24474507962043,429.5915916910441,0.1,40.0,28413.32853605303,18523.842959641675,24144.065475377225,24353.838647365606,36.0,157.8887114762493,159.72998653946175,159.82732778828392,143.3875117692687,358.12737747745314,461.4360252818583,1.4077908375661234,149.50190107461265
high_l10,high,10,gemma-2-9b-it,google--gemma-2-9b-it,DistServe,DistServe-2A100,distserve_2a100,realistic_pcie,realistic PCIe,True,prefill_finish,2.0,1,1,1,64,continuous_batching,16,0.08,2,real_a100_individual_vllm_lora,stage_measurement_logical_pd_replay_continuous_batching,301056,34818.69416676115,46156.728131354525,46293.969836090575,281.16389971209696,289.9683736744172,290.44121761951544,1781.8584462660506,2273.561354316698,2347.955081324826,3.264380799999999,26605.820507076667,34240.270432227015,34497.40136817579,4.0,285.25710146840424,289.47573545509624,289.9314531055957,1278.8190589576225,1630.9304032915204,1671.3546720783056,0.1,40.0,50527.2898156171,34975.51897860742,46180.559566663185,46294.764255242495,36.0,280.4274891147975,289.84208079199664,290.44121761951544,1816.0596470355263,2282.8079735143515,2348.6577506232384,0.7923449606552111,267.26544700996874
high_l10,high,10,gemma-7b-it,google--gemma-7b-it,DistServe,DistServe-2A100,distserve_2a100,realistic_pcie,realistic PCIe,True,prefill_finish,2.0,1,1,1,64,continuous_batching,16,0.08,2,real_a100_individual_vllm_lora,stage_measurement_logical_pd_replay_continuous_batching,344064,19445.190933187925,25758.75041855462,25937.905780762398,166.1655131968024,167.80225436282322,167.9146836494674,388.3940297307885,713.0969521679081,799.0039905509035,4.4110144,15029.397126841306,19165.75081137773,19286.91860273433,4.0,167.19719659291115,167.49016340057423,167.53248308112325,535.4947914561667,725.7985354689469,741.6137584733148,0.1,40.0,30073.519118727076,19539.1248636228,25787.08139640905,25941.349731509064,36.0,166.03594606245906,167.81797428269627,167.91187360335869,387.1831054643477,678.5482779595719,800.5241305915422,1.3300803380165513,157.64148042080845
high_l10,high,10,mistral-7b-instruct-v0.2,mistralai--Mistral-7B-Instruct-v0.2,DistServe,DistServe-2A100,distserve_2a100,realistic_pcie,realistic PCIe,True,prefill_finish,2.0,1,1,1,64,continuous_batching,16,0.08,2,real_a100_individual_vllm_lora,stage_measurement_logical_pd_replay_continuous_batching,131072,20332.30993052864,26249.392329111397,26443.941419355913,171.41137470421228,177.0059579372142,177.24198801615222,198.30882151667777,460.49832611892157,496.32562908070474,1.6076352,15618.722443445338,20080.085167626792,20180.361609513027,4.0,174.94583215540587,176.8054730258308,176.92149093947927,349.324818758933,457.9285173385466,464.16706321984987,0.1,40.0,30494.10344362841,20459.66282323991,26274.643871043354,26447.632422853596,36.0,170.70261021337046,176.89860021805956,177.2256049072118,171.9358515758217,394.09761532568564,496.87779728278065,1.3131886772554873,161.95780506944828
high_l10,high,10,qwen2.5-7b-instruct,Qwen--Qwen2.5-7B-Instruct,DistServe,DistServe-2A100,distserve_2a100,realistic_pcie,realistic PCIe,True,prefill_finish,2.0,1,1,1,64,continuous_batching,16,0.08,2,real_a100_individual_vllm_lora,stage_measurement_logical_pd_replay_continuous_batching,57344,17569.9154473213,22615.32512624238,22816.955512547673,150.87844349342106,152.55187973730324,152.92876496994415,175.68178913483865,422.7241489851375,459.7892224121032,0.7000063999999999,13641.558619850535,17344.831888670757,17403.24602469105,4.0,152.40297064995048,152.7444748855002,152.8333907949496,330.86415524320785,423.0141118226635,429.7683784941024,0.1,40.0,26835.09814964699,17687.723198805223,22654.57964699751,22820.949482261887,36.0,150.20924332836614,152.49515420341697,152.92878417469683,146.59801428456055,355.6710858405354,460.3483301734227,1.4928798778093146,141.8059601657909
high_l30,high,30,baichuan2-7b-chat,baichuan-inc--Baichuan2-7B-Chat,DistServe,DistServe-2A100,distserve_2a100,realistic_pcie,realistic PCIe,True,prefill_finish,2.0,1,1,1,64,continuous_batching,16,0.08,2,real_a100_individual_vllm_lora,stage_measurement_logical_pd_replay_continuous_batching,524288,18789.72280891848,24974.448428710315,25168.55354946952,158.58900451144464,167.8567133148607,168.13642971277574,825.5021091352509,1283.7702445972823,1402.5981609221146,12.974956799999998,18535.539236203043,19910.636128576538,19987.543615943225,12.0,166.38084919366776,167.8208732437804,168.10554802127513,805.5723964322061,1271.2699358613438,1375.9693581175432,0.3,40.0,29194.48274746549,18965.11165868667,25026.595187375788,25185.20514491113,28.0,153.64687063798627,167.75288434588958,168.09801366697195,836.6298976836316,1216.7358676014073,1382.6570118938685,1.3716329082191234,153.82842349162874
high_l30,high,30,gemma-2-9b-it,google--gemma-2-9b-it,DistServe,DistServe-2A100,distserve_2a100,realistic_pcie,realistic PCIe,True,prefill_finish,2.0,1,1,1,64,continuous_batching,16,0.08,2,real_a100_individual_vllm_lora,stage_measurement_logical_pd_replay_continuous_batching,301056,35954.374794726886,47990.29195543406,48082.13699250027,291.479307421304,299.1723438870961,300.93829652065835,2479.478080019421,3823.191315134099,3898.9676760930797,7.126129599999999,35242.669216305556,37742.18691183004,38009.91304391838,12.0,293.54118383158294,299.89256541408247,300.83955968653254,2210.879064305888,3493.1645231363796,3767.3190248614774,0.3,40.0,52330.12656100758,36311.79504656592,48010.78936424223,48085.45393665636,28.0,287.7924021732214,298.258138544101,300.78994645571765,2698.580366287979,3849.9985244904224,3901.288355611183,0.7644255421990347,276.8887776072529
high_l30,high,30,gemma-7b-it,google--gemma-7b-it,DistServe,DistServe-2A100,distserve_2a100,realistic_pcie,realistic PCIe,True,prefill_finish,2.0,1,1,1,64,continuous_batching,16,0.08,2,real_a100_individual_vllm_lora,stage_measurement_logical_pd_replay_continuous_batching,344064,19061.66992807008,25501.069734676137,25651.808152985508,164.14416307211695,166.81908419501372,167.32787754389693,1612.4261517858972,2358.6997473681795,2549.7069521074245,10.100435200000002,18756.431516860823,20611.002487135993,20755.280920314628,12.0,165.9377194933363,166.8854943651573,167.16065865105867,1453.2948387755714,2323.9768284256547,2511.710338807132,0.3,40.0,29771.99757164965,19306.716150098433,25543.472930925716,25668.323909045834,28.0,157.96249068897325,166.82615506150776,167.28576776667217,1745.7767685336455,2329.068558496589,2532.3411086636474,1.3435882800674976,155.99514990627108
high_l30,high,30,mistral-7b-instruct-v0.2,mistralai--Mistral-7B-Instruct-v0.2,DistServe,DistServe-2A100,distserve_2a100,realistic_pcie,realistic PCIe,True,prefill_finish,2.0,1,1,1,64,continuous_batching,16,0.08,2,real_a100_individual_vllm_lora,stage_measurement_logical_pd_replay_continuous_batching,131072,19989.229083175127,26452.616828114256,26665.337566719005,170.339698106727,174.58473901550107,174.62440276805378,899.6940758073171,1401.8621386118689,1521.7856885916146,3.4671167999999994,19631.174497758886,21097.614308723583,21194.6596214057,12.0,173.3391649398176,174.5748818927781,174.59656982129604,856.1515538201248,1382.498971682004,1494.0086537755694,0.3,40.0,30724.87536544705,20182.707964017325,26505.127492460044,26681.167565055886,28.0,164.41631567486667,174.58889475866954,174.624069151551,932.7053808139947,1332.6297693061824,1502.255387889651,1.3043844277008951,161.91539227203762
high_l30,high,30,qwen2.5-7b-instruct,Qwen--Qwen2.5-7B-Instruct,DistServe,DistServe-2A100,distserve_2a100,realistic_pcie,realistic PCIe,True,prefill_finish,2.0,1,1,1,64,continuous_batching,16,0.08,2,real_a100_individual_vllm_lora,stage_measurement_logical_pd_replay_continuous_batching,57344,18547.79510715354,24351.261295382654,24535.903298416033,159.25623244533398,161.55037695757778,162.00236556760046,664.7462352616409,1052.6846030762174,1183.4561108268629,1.4483904000000005,18273.153974624613,19467.007041447192,19531.09118526098,12.0,160.47615873894884,161.81875698535328,161.98601696087303,687.687968584749,1076.4425984903908,1163.6545913332864,0.3,40.0,28595.89775869671,18739.423323781055,24401.778475905194,24553.59843443061,28.0,156.0522867730664,161.1454131658684,161.962694385811,617.5396816661123,1002.6525452775484,1155.8488078445657,1.3988107660688769,150.79454626114517
high_l50,high,50,baichuan2-7b-chat,baichuan-inc--Baichuan2-7B-Chat,DistServe,DistServe-2A100,distserve_2a100,realistic_pcie,realistic PCIe,True,prefill_finish,2.0,1,1,1,64,continuous_batching,16,0.08,2,real_a100_individual_vllm_lora,stage_measurement_logical_pd_replay_continuous_batching,524288,18414.058059113468,24168.143939104506,24293.504812880085,157.78161047525418,159.50752312892337,159.8837787666683,916.2088640095293,1626.4647073777392,1936.3868272941434,19.67888,19024.56872309277,24193.407553402198,24316.820447166596,20.0,156.32719712653994,159.5003690674139,159.88696371730987,1078.8373898119403,1783.1151300198173,1974.2490235947325,0.5,40.0,28389.36958892873,14547.965182752212,19310.617996612913,19449.732606865684,20.0,158.01971944248663,159.51602254164038,159.79340208354364,692.0939907988486,1281.0448820137728,1321.0005286613,1.4089920535115201,149.10270715670913
high_l50,high,50,gemma-2-9b-it,google--gemma-2-9b-it,DistServe,DistServe-2A100,distserve_2a100,realistic_pcie,realistic PCIe,True,prefill_finish,2.0,1,1,1,64,continuous_batching,16,0.08,2,real_a100_individual_vllm_lora,stage_measurement_logical_pd_replay_continuous_batching,301056,34361.64114941754,45723.62221162846,45903.628297986,276.0323147537547,289.1170938069198,289.68194912079207,2611.054819547521,4652.271383715302,5308.743313098247,10.705638399999998,35604.635259222596,45829.31842097255,45909.154097985986,20.0,273.0149112840263,288.74391420922984,289.4307857186368,3193.945903796447,4986.173757999209,5369.5003319954085,0.5,40.0,50137.798607986,27119.04229769251,36190.916634840585,36486.61614500922,20.0,277.0499931568123,289.14698803194364,289.66637575288746,2064.5180532742356,3721.3336016294525,3882.17474953182,0.7986367722795464,264.1906444225122
high_l50,high,50,gemma-7b-it,google--gemma-7b-it,DistServe,DistServe-2A100,distserve_2a100,realistic_pcie,realistic PCIe,True,prefill_finish,2.0,1,1,1,64,continuous_batching,16,0.08,2,real_a100_individual_vllm_lora,stage_measurement_logical_pd_replay_continuous_batching,344064,19188.003089862705,25506.226011317765,25628.603384207938,164.36791728611723,167.38687710308506,168.2274170262341,1709.836998320913,3246.6267335302605,3874.028043459064,15.660294399999998,20307.138900289592,25607.886147127843,25634.129184207937,20.0,162.16868894749027,167.27892638088161,168.23351211086253,2114.314834559753,3588.005887880084,3930.2079436623744,0.5,40.0,29862.773694207935,15365.761185715337,20755.0320531635,21010.99268564053,20.0,165.05912652851293,167.39562852472406,168.06637828796892,1351.5036285994145,2487.177329849762,2522.9372691427693,1.339460318997223,155.8470852068889
high_l50,high,50,mistral-7b-instruct-v0.2,mistralai--Mistral-7B-Instruct-v0.2,DistServe,DistServe-2A100,distserve_2a100,realistic_pcie,realistic PCIe,True,prefill_finish,2.0,1,1,1,64,continuous_batching,16,0.08,2,real_a100_individual_vllm_lora,stage_measurement_logical_pd_replay_continuous_batching,131072,19165.74291294426,25333.538296866012,25442.344616609073,164.20677451945238,165.69919433380235,165.7694714107895,1051.9289238235772,1894.3356915954732,2226.416417682147,5.197471999999999,19872.740218710213,25350.787972164733,25465.4991270526,20.0,161.8848603396404,165.70284140094557,165.78494346537542,1259.8122370707074,2065.6714552839762,2265.83323647805,0.5,40.0,29572.224038313725,15137.503562674156,20167.16742956335,20316.01307074517,20.0,164.43656730609177,165.69850704004566,165.70996546999032,808.8908680776784,1487.3144762927743,1524.1849897866473,1.3526217065090946,155.12469869146076
high_l50,high,50,qwen2.5-7b-instruct,Qwen--Qwen2.5-7B-Instruct,DistServe,DistServe-2A100,distserve_2a100,realistic_pcie,realistic PCIe,True,prefill_finish,2.0,1,1,1,64,continuous_batching,16,0.08,2,real_a100_individual_vllm_lora,stage_measurement_logical_pd_replay_continuous_batching,57344,16431.199528391597,21526.518311220083,21648.206942699064,142.2673604657193,144.38953462503946,144.83355175203042,833.1620717922289,1482.9963465682463,1783.4400016822726,2.1439104,16997.69038553615,21549.323959648245,21677.69467809813,20.0,140.5820752502416,144.32082110101675,144.82315212998458,984.4447867960639,1635.9762071138023,1820.7446530855514,0.5,40.0,25764.668335333543,13008.763573045391,17280.664710366873,17412.9251437662,20.0,142.73317594355433,144.40119570725884,144.7942396193547,613.7046190535602,1164.1644662146766,1213.6359701888273,1.5525137376011764,134.80320678861153
high_l70,high,70,baichuan2-7b-chat,baichuan-inc--Baichuan2-7B-Chat,DistServe,DistServe-2A100,distserve_2a100,realistic_pcie,realistic PCIe,True,prefill_finish,2.0,1,1,1,64,continuous_batching,16,0.08,2,real_a100_individual_vllm_lora,stage_measurement_logical_pd_replay_continuous_batching,524288,18293.187677756097,23989.643339180744,24077.080917032225,155.77907442379316,158.31257890393857,158.74559038251869,1059.2490095828537,2766.089902586004,3103.4479480538075,26.4278592,18981.790968208894,24012.55066766226,24079.787363729087,28.0,155.60152454164768,157.76981665768437,158.72649390559076,1716.9286977833074,2820.6358172477035,3126.8476089914025,0.7,40.0,28250.448122993643,10593.153113910163,18011.234274621012,18079.527649247586,12.0,156.19095137571662,158.40047294747245,158.68311897012404,488.3269605258023,887.5216378807448,1035.8205344601156,1.4159171526317533,147.4737768161764
high_l70,high,70,gemma-2-9b-it,google--gemma-2-9b-it,DistServe,DistServe-2A100,distserve_2a100,realistic_pcie,realistic PCIe,True,prefill_finish,2.0,1,1,1,64,continuous_batching,16,0.08,2,real_a100_individual_vllm_lora,stage_measurement_logical_pd_replay_continuous_batching,301056,31575.891194465545,42077.468572551195,42255.771549147474,258.2829289191993,261.0466176231165,261.5100793488041,2442.768318879243,5702.824964615607,6327.955385641698,14.304433600000001,32894.82577463254,42162.91011818616,42257.81822133377,28.0,258.08185802271396,260.9420052540303,261.47248622541804,3696.3122763218526,5848.87174269367,6362.935343880117,0.7,40.0,46505.93501990328,17853.573090458827,31054.591586594302,31279.489837465546,12.0,258.8330769528393,261.0323328181019,261.45293717402484,1243.3531841279025,2270.345872070793,2327.1445850516175,0.8601370634592924,243.95348774428447
high_l70,high,70,gemma-7b-it,google--gemma-7b-it,DistServe,DistServe-2A100,distserve_2a100,realistic_pcie,realistic PCIe,True,prefill_finish,2.0,1,1,1,64,continuous_batching,16,0.08,2,real_a100_individual_vllm_lora,stage_measurement_logical_pd_replay_continuous_batching,344064,19485.63481094921,25645.781254127374,25783.90176998923,164.703635561402,166.82630774039524,167.38774817451275,1830.4412506791407,5204.337356201464,5909.80488329821,21.323104,20539.199005667113,25692.3484113135,25784.120895518347,28.0,164.40001185651735,166.70822079097857,167.3466644081429,3096.307486931484,5379.417133277245,5947.947887936925,0.7,40.0,30035.63792795887,11530.226734893282,19069.749326470643,19221.35037461054,12.0,165.09169681536775,166.96428050099496,167.34020833838687,890.1389851238215,1619.1561051883396,1761.312303348721,1.331807959712962,155.58508757157932
high_l70,high,70,mistral-7b-instruct-v0.2,mistralai--Mistral-7B-Instruct-v0.2,DistServe,DistServe-2A100,distserve_2a100,realistic_pcie,realistic PCIe,True,prefill_finish,2.0,1,1,1,64,continuous_batching,16,0.08,2,real_a100_individual_vllm_lora,stage_measurement_logical_pd_replay_continuous_batching,131072,19432.15150380853,25533.740858286874,25585.92414175341,164.71782182228978,166.7148691860144,166.7477628625737,1193.7401216078426,3099.867793365315,3470.8075620218087,6.937759999999999,20149.89608588713,25549.82826312818,25589.069936073345,28.0,164.71782182228978,166.72328338791164,166.75071897782047,1942.362070821266,3151.7764047353107,3495.1275102846835,0.7,40.0,29811.001564622587,11117.225941487643,19084.954057485185,19220.467979323617,12.0,164.70347293405865,166.68517271848955,166.69685513068822,552.8527314369343,1023.1944370206106,1165.9725401536416,1.3418002105066689,155.63113993607817
high_l70,high,70,qwen2.5-7b-instruct,Qwen--Qwen2.5-7B-Instruct,DistServe,DistServe-2A100,distserve_2a100,realistic_pcie,realistic PCIe,True,prefill_finish,2.0,1,1,1,64,continuous_batching,16,0.08,2,real_a100_individual_vllm_lora,stage_measurement_logical_pd_replay_continuous_batching,57344,16757.260892291324,21845.427077942517,21876.625550403092,143.6184507335372,145.3370150437243,145.71658319750048,951.5087292771198,2604.1703281086434,2918.392104413223,2.8463296,17324.66456346479,21851.60328328912,21876.951013490092,28.0,143.41140013072817,145.26597524147022,145.67730407829282,1580.1637237701036,2658.9541554957673,2941.07107277584,0.7,40.0,26096.704017405274,9688.854959419368,16441.868913629613,16550.559937044978,12.0,144.12678145707133,145.37199431887302,145.67952531916922,435.2986530926786,778.0984900985271,937.7468231277162,1.5327790981791565,135.8305072730659
high_l90,high,90,baichuan2-7b-chat,baichuan-inc--Baichuan2-7B-Chat,DistServe,DistServe-2A100,distserve_2a100,realistic_pcie,realistic PCIe,True,prefill_finish,2.0,1,1,1,64,continuous_batching,16,0.08,2,real_a100_individual_vllm_lora,stage_measurement_logical_pd_replay_continuous_batching,524288,18386.576972376883,24176.345800776646,24305.824363396925,155.37745375236312,158.7225550626681,159.23578567430553,2192.9861204890267,3964.4264431763936,4331.884408019986,32.980230399999996,18667.63356148217,24186.670384160665,24306.79383547792,36.0,156.1800540582027,158.84269935261273,159.2368996353727,2408.2161382528425,3968.468897772441,4339.779488640212,0.9,40.0,28378.158097699023,9970.7635924688,10233.820259218068,10262.483275892995,4.0,148.50324966952002,151.35802941295537,151.60758823077154,436.32495776209987,486.02471580964016,491.829240339262,1.4096078071441953,147.6648188428536
high_l90,high,90,gemma-2-9b-it,google--gemma-2-9b-it,DistServe,DistServe-2A100,distserve_2a100,realistic_pcie,realistic PCIe,True,prefill_finish,2.0,1,1,1,64,continuous_batching,16,0.08,2,real_a100_individual_vllm_lora,stage_measurement_logical_pd_replay_continuous_batching,301056,31720.498150901873,42461.83199168487,42538.83867532328,257.60770286458705,262.2462459694715,262.4159851869849,3975.3279308980063,7237.745629687302,7907.483718887824,17.8439584,32130.643206701247,42473.84958621646,42539.973429187434,36.0,258.75757593882565,262.2632271259199,262.41901503543124,4386.7056706356525,7271.857781088515,7919.07688226756,0.9,40.0,46747.02606710025,16688.215258347012,17093.657480933805,17149.654444635264,4.0,246.04487996748006,249.68159154802166,250.0834219076075,832.2497107913484,987.6209678827083,1007.6667305620281,0.8556871370031991,244.19535967904923
high_l90,high,90,gemma-7b-it,google--gemma-7b-it,DistServe,DistServe-2A100,distserve_2a100,realistic_pcie,realistic PCIe,True,prefill_finish,2.0,1,1,1,64,continuous_batching,16,0.08,2,real_a100_individual_vllm_lora,stage_measurement_logical_pd_replay_continuous_batching,344064,21642.19475643952,28828.842209481387,28998.505874291717,179.54686755221928,183.95694636685053,183.97112266658965,3994.8058283235378,7468.555113763174,8143.31011981835,26.842105600000007,22007.960859581315,28835.461707166454,29002.101604971052,36.0,180.79890855770685,183.95782624772042,183.97134547046394,4396.433199842082,7499.829506152496,8155.666056158676,0.9,40.0,33254.07481839505,11557.207034445202,11931.373550697623,11966.559923221736,4.0,168.01455929179227,171.55230178659636,171.8355889811071,761.2881862917682,877.4993536412014,885.7912772029299,1.2028716428401935,170.91128957422876
high_l90,high,90,mistral-7b-instruct-v0.2,mistralai--Mistral-7B-Instruct-v0.2,DistServe,DistServe-2A100,distserve_2a100,realistic_pcie,realistic PCIe,True,prefill_finish,2.0,1,1,1,64,continuous_batching,16,0.08,2,real_a100_individual_vllm_lora,stage_measurement_logical_pd_replay_continuous_batching,131072,19368.463447498525,25595.95306605991,25679.82214482165,163.23943658278466,166.4657983748907,166.47933015910684,2427.6871981465456,4381.456355754103,4797.127812463013,8.646406399999998,19648.493750890135,25607.395328941824,25680.759951072647,36.0,164.03216538234034,166.46648424094792,166.479590871364,2669.0080663818803,4384.063474950567,4805.287146562201,0.9,40.0,29897.335215429914,10402.577254423715,10683.54266240848,10714.009668485407,4.0,154.61498999545054,157.53739070524472,157.79408307833967,481.0981836674735,546.9645627192451,554.1140787591353,1.3379142685286345,155.0284397017418
high_l90,high,90,qwen2.5-7b-instruct,Qwen--Qwen2.5-7B-Instruct,DistServe,DistServe-2A100,distserve_2a100,realistic_pcie,realistic PCIe,True,prefill_finish,2.0,1,1,1,64,continuous_batching,16,0.08,2,real_a100_individual_vllm_lora,stage_measurement_logical_pd_replay_continuous_batching,57344,17332.34596671741,22967.37013937043,23025.342608737526,146.46148730962082,153.21181204827286,153.2479585093379,2119.9805260449143,3823.30996412556,4180.63734303535,3.533158399999999,17565.037360197144,22968.98807996809,23026.18350411462,36.0,147.64298086559947,153.21228810453607,153.24852422161487,2332.537192282703,3830.659482715605,4188.194533795191,0.9,40.0,27220.09761364991,9237.562860050351,9438.33659878518,9465.11250096051,4.0,137.0207324183187,139.47155778192524,139.7201319300304,422.2731579687214,466.3363960397195,470.3473183957754,1.4712358019513458,140.85843183969047
mid_l10,mid,10,baichuan2-7b-chat,baichuan-inc--Baichuan2-7B-Chat,DistServe,DistServe-2A100,distserve_2a100,realistic_pcie,realistic PCIe,True,prefill_finish,2.0,1,1,1,64,continuous_batching,16,0.08,2,real_a100_individual_vllm_lora,stage_measurement_logical_pd_replay_continuous_batching,524288,18118.09083754062,23341.787682906375,23606.261819447547,161.4253950360593,162.87981591671505,163.05273725995733,85.83675527217332,222.33759202417042,322.4765970726665,5.857337600000002,14155.571963233711,17817.766539098535,17922.539127831526,4.0,162.6251358915037,162.86984984522172,162.915227515344,219.97220025514252,291.68023142481843,318.8035670001916,0.1,40.0,28979.688859689486,18270.555592945657,23369.443594642016,23611.49700514926,36.0,161.15965011130626,162.87769840184293,163.05273725995733,80.1418639971642,200.32297673075934,294.3297056398428,1.3806221135879528,151.965725714793
mid_l10,mid,10,gemma-2-9b-it,google--gemma-2-9b-it,DistServe,DistServe-2A100,distserve_2a100,realistic_pcie,realistic PCIe,True,prefill_finish,2.0,1,1,1,64,continuous_batching,16,0.08,2,real_a100_individual_vllm_lora,stage_measurement_logical_pd_replay_continuous_batching,301056,30734.794767699448,40455.119002826046,40689.54485019983,257.51510738954664,261.0457390884399,261.3170073488113,514.727793454594,818.6376029835194,890.8752980195723,3.264380799999999,23443.524979985217,30303.409361807513,30505.07878803624,4.0,259.66300066354836,260.8950195323053,260.9465379270521,618.1262245027506,772.099409738818,775.2957689557971,0.1,40.0,46098.83300015323,30910.23769280789,40469.27502701861,40692.80496656746,36.0,256.9629928450065,261.0560327155454,261.3184561016851,514.727793454594,825.5685529514635,892.1351466793166,0.8677043750506807,243.64125566138233
mid_l10,mid,10,gemma-7b-it,google--gemma-7b-it,DistServe,DistServe-2A100,distserve_2a100,realistic_pcie,realistic PCIe,True,prefill_finish,2.0,1,1,1,64,continuous_batching,16,0.08,2,real_a100_individual_vllm_lora,stage_measurement_logical_pd_replay_continuous_batching,344064,20015.409960647557,25671.495668526364,25957.836839421398,174.89943514947117,177.71242938231723,177.76806701648349,144.3405579991521,518.1031671759068,570.6533198886468,4.4110144,15626.289996562484,19744.602510030112,19847.352205504416,4.0,177.4155185203246,177.75249668386238,177.76540270699797,435.60505425896145,545.0444256230336,556.2876800325095,0.1,40.0,31321.131503741075,20163.137245651997,25699.500490552324,25961.10793572896,36.0,174.68682857253032,177.6849909295933,177.7473630107263,125.1186075405538,419.0489372770695,570.8261285688645,1.2782398212693653,164.7963082052123
mid_l10,mid,10,mistral-7b-instruct-v0.2,mistralai--Mistral-7B-Instruct-v0.2,DistServe,DistServe-2A100,distserve_2a100,realistic_pcie,realistic PCIe,True,prefill_finish,2.0,1,1,1,64,continuous_batching,16,0.08,2,real_a100_individual_vllm_lora,stage_measurement_logical_pd_replay_continuous_batching,131072,20905.091831541446,27164.745320151844,27430.46865237291,182.31076462178862,184.0279559518412,184.35229029136912,120.74332126342716,293.1591092549591,410.3714057319965,1.6076352,16174.458327540902,20582.239772072968,20690.15890077033,4.0,183.99305145260712,184.03467632832238,184.03904106313962,265.29822474160346,368.6237181084076,398.51971056977993,0.1,40.0,32760.395099937923,21048.843395775002,27180.20281469139,27436.751248460023,36.0,182.06292560394047,184.00612170002546,184.35617021638774,98.79986425261666,250.55371002092613,389.9231454267035,1.2209904742316682,172.30908789971127
mid_l10,mid,10,qwen2.5-7b-instruct,Qwen--Qwen2.5-7B-Instruct,DistServe,DistServe-2A100,distserve_2a100,realistic_pcie,realistic PCIe,True,prefill_finish,2.0,1,1,1,64,continuous_batching,16,0.08,2,real_a100_individual_vllm_lora,stage_measurement_logical_pd_replay_continuous_batching,57344,16818.748398791235,21621.019849245837,21877.373151411084,151.11820907473486,152.9647424657646,153.09094580342992,71.67045275448174,213.3535652825905,297.1919239309329,0.7000063999999999,13206.058331458375,16504.11363248952,16553.642676511008,4.0,152.71835758807669,152.98936649496795,152.99844173532568,216.40732750529423,275.3209919457572,296.64252741412906,0.1,40.0,27249.631235736677,16972.598463655795,21661.717526156033,21883.005661688243,36.0,150.84556154699655,152.9439535173488,153.0904824700882,69.92019923927728,180.0277135256418,268.4239593118457,1.4715069084185959,142.56288345618992
mid_l30,mid,30,baichuan2-7b-chat,baichuan-inc--Baichuan2-7B-Chat,DistServe,DistServe-2A100,distserve_2a100,realistic_pcie,realistic PCIe,True,prefill_finish,2.0,1,1,1,64,continuous_batching,16,0.08,2,real_a100_individual_vllm_lora,stage_measurement_logical_pd_replay_continuous_batching,524288,18170.300467303845,23348.249367875513,23668.619570457235,159.13194632913456,167.28863111042136,167.84222122307,232.63329545479348,507.6127081933172,567.4334766672112,12.974956799999998,17825.708247927087,19129.747937634715,19163.6249152936,12.0,162.9317284186909,167.32457514009633,167.79070838838118,413.0211237137585,557.7548563744558,564.2464911618025,0.3,40.0,28958.520691790894,18380.9815572843,23468.228250888802,23696.406022121777,28.0,154.96292122053433,166.8523999184162,167.78462849814008,177.33730544435582,405.0524637884431,551.5947070085892,1.38128628617276,152.2614556651322
mid_l30,mid,30,gemma-2-9b-it,google--gemma-2-9b-it,DistServe,DistServe-2A100,distserve_2a100,realistic_pcie,realistic PCIe,True,prefill_finish,2.0,1,1,1,64,continuous_batching,16,0.08,2,real_a100_individual_vllm_lora,stage_measurement_logical_pd_replay_continuous_batching,301056,30604.694376859054,40483.377649327565,40730.623863576395,257.7874216758904,261.2283906364945,261.27741751392074,1473.7806337472625,2193.603277015189,2395.985238484839,7.126129599999999,30137.09980194502,32069.631795473888,32232.16204849639,12.0,260.0144237139608,261.2267159569916,261.24675530502736,1365.0257217557692,2158.024697218285,2339.6695170223056,0.3,40.0,46168.77083840779,30855.581926429477,40550.63664219393,40747.719459945365,28.0,251.5873653808056,261.2062013380813,261.2823650400843,1567.75319974897,2162.081431491546,2392.865176911947,0.866398719663415,243.9005156413856
mid_l30,mid,30,gemma-7b-it,google--gemma-7b-it,DistServe,DistServe-2A100,distserve_2a100,realistic_pcie,realistic PCIe,True,prefill_finish,2.0,1,1,1,64,continuous_batching,16,0.08,2,real_a100_individual_vllm_lora,stage_measurement_logical_pd_replay_continuous_batching,344064,18565.3206788259,24343.69242563659,24590.232950555124,165.1230178439195,168.32090011600826,168.332260425239,911.203487751679,1475.4344889258846,1670.8607662952454,10.100435200000002,18210.700794873774,19963.36309306918,20043.108436784554,12.0,167.0210648283421,168.31570390375092,168.32463996395649,1014.6444886006088,1531.3357271322213,1652.1643924024193,0.3,40.0,30002.04198052483,18882.421613577233,24387.842435984225,24617.298912848324,28.0,159.03812767176788,168.30862908262773,168.33222094837322,821.3066932396566,1416.3462310577258,1621.1338417733334,1.3332458105693523,156.67516736383726
mid_l30,mid,30,mistral-7b-instruct-v0.2,mistralai--Mistral-7B-Instruct-v0.2,DistServe,DistServe-2A100,distserve_2a100,realistic_pcie,realistic PCIe,True,prefill_finish,2.0,1,1,1,64,continuous_batching,16,0.08,2,real_a100_individual_vllm_lora,stage_measurement_logical_pd_replay_continuous_batching,131072,20873.94745678416,27189.906354305793,27465.940837864815,182.04701882636854,184.32112304971128,184.5934295791101,447.4386702426756,763.8066711495553,936.0458020761058,3.4671167999999994,20525.564679516414,21834.510122337713,21874.353044681375,12.0,183.81857656666824,184.33358238608733,184.53876070258949,590.0062049869782,862.1820931495448,918.0365500256272,0.3,40.0,32811.50966510936,21098.292624587637,27275.301112553643,27491.817520410237,28.0,177.89076064249173,184.30870841012478,184.5724401028379,347.00866746463805,729.8902998409765,895.0490564781088,1.2190851987644704,172.32658570268867
mid_l30,mid,30,qwen2.5-7b-instruct,Qwen--Qwen2.5-7B-Instruct,DistServe,DistServe-2A100,distserve_2a100,realistic_pcie,realistic PCIe,True,prefill_finish,2.0,1,1,1,64,continuous_batching,16,0.08,2,real_a100_individual_vllm_lora,stage_measurement_logical_pd_replay_continuous_batching,57344,16721.96360352127,21233.096186051647,21581.5122596537,149.9237433837952,152.18146360609714,152.54395982003018,229.38771721702904,497.4072059847621,571.580859584099,1.4483904000000005,16481.187558634425,17577.579312715843,17632.078355344343,12.0,151.64238054744388,152.28624193627974,152.4940844147443,407.0734944425204,561.7933680017335,567.4076801767444,0.3,40.0,26817.977651076242,16900.186133488078,21393.848960858337,21600.916244297492,28.0,145.83670550701058,152.12393941065713,152.52421223724082,182.20590393915097,406.5581032508733,552.1917285164452,1.494306944637095,141.13565369197562
mid_l50,mid,50,baichuan2-7b-chat,baichuan-inc--Baichuan2-7B-Chat,DistServe,DistServe-2A100,distserve_2a100,realistic_pcie,realistic PCIe,True,prefill_finish,2.0,1,1,1,64,continuous_batching,16,0.08,2,real_a100_individual_vllm_lora,stage_measurement_logical_pd_replay_continuous_batching,524288,17910.216734109737,23060.89303692295,23277.111825294665,158.6257045822295,161.06071398100624,161.53540440235963,398.70080318648616,605.0826995982122,727.0991018979555,19.67888,18430.449935319353,23118.339956908538,23321.9052031779,20.0,156.94535472782093,161.0548352867379,161.52840584828803,479.6324867092046,625.7681444659535,759.3830423871138,0.5,40.0,28660.361999797642,14145.740828477277,18644.991249907587,18836.886074712056,20.0,158.77048524531975,161.06398262169864,161.46538137371414,247.12662024781946,498.130934076657,565.2560708350077,1.3956789168344028,149.921980315853
mid_l50,mid,50,gemma-2-9b-it,google--gemma-2-9b-it,DistServe,DistServe-2A100,distserve_2a100,realistic_pcie,realistic PCIe,True,prefill_finish,2.0,1,1,1,64,continuous_batching,16,0.08,2,real_a100_individual_vllm_lora,stage_measurement_logical_pd_replay_continuous_batching,301056,30558.35116086058,40485.53199253929,40615.33275419912,257.20649721327345,259.5407522254716,259.57579577632,1634.5437002023873,2933.472482466932,3380.5240023217157,10.705638399999998,31504.460386070823,40508.99823747403,40629.55367034001,20.0,253.54275377439535,259.5213267538262,259.57587347820663,1975.3636629659072,3137.6880261208353,3436.4113893219705,0.5,40.0,46239.99095996942,24012.5273080261,32075.43381864934,32182.61583760202,20.0,257.64844948348923,259.5407522254716,259.56662695370335,1320.4342659439703,2379.110006911741,2427.8696223227366,0.8650528963944463,242.7385456551002
mid_l50,mid,50,gemma-7b-it,google--gemma-7b-it,DistServe,DistServe-2A100,distserve_2a100,realistic_pcie,realistic PCIe,True,prefill_finish,2.0,1,1,1,64,continuous_batching,16,0.08,2,real_a100_individual_vllm_lora,stage_measurement_logical_pd_replay_continuous_batching,344064,19372.059511588126,25481.39648288556,25609.8462286195,168.00704765388758,178.1678389057995,178.61813770035437,1151.912167653137,2088.96894314983,2542.341147311752,15.660294399999998,20364.29181824759,25523.319780986407,25629.58599611172,20.0,164.8604551657091,177.8714854711023,178.6032992501201,1328.0945921524697,2315.296281182458,2596.566530911737,0.5,40.0,31168.25375704213,15392.457074874486,20787.899936147216,20944.51288201032,20.0,171.69360988544412,178.17881694363422,178.59472003735527,849.0096674383393,1565.0566919851296,1652.2672652619908,1.2847130314884216,162.24673748933884
mid_l50,mid,50,mistral-7b-instruct-v0.2,mistralai--Mistral-7B-Instruct-v0.2,DistServe,DistServe-2A100,distserve_2a100,realistic_pcie,realistic PCIe,True,prefill_finish,2.0,1,1,1,64,continuous_batching,16,0.08,2,real_a100_individual_vllm_lora,stage_measurement_logical_pd_replay_continuous_batching,131072,20927.719770618503,27173.314025192398,27420.495421465755,182.24560320876097,183.99185697956386,184.06345611987172,552.3488424117418,954.171654638164,1125.8439612019436,5.197471999999999,21460.971603189777,27271.422713968466,27463.61063110466,20.0,179.93982719769096,183.99390982203815,184.0839768572922,680.7579314373945,1004.9737892675447,1163.9680340940563,0.5,40.0,32823.90336385016,16425.292001261794,21652.314006100998,21807.290319307256,20.0,182.50802720986331,183.9849041134231,183.99553120586538,349.8699829476901,741.4438126524873,817.650274441639,1.2186242027090808,172.09327052581847
mid_l50,mid,50,qwen2.5-7b-instruct,Qwen--Qwen2.5-7B-Instruct,DistServe,DistServe-2A100,distserve_2a100,realistic_pcie,realistic PCIe,True,prefill_finish,2.0,1,1,1,64,continuous_batching,16,0.08,2,real_a100_individual_vllm_lora,stage_measurement_logical_pd_replay_continuous_batching,57344,18052.47437596877,23294.52141923708,23488.82857899012,159.93679792424174,161.93934297618299,162.09334496857605,401.4968351853918,626.799736276668,756.6591126623541,2.1439104,18574.608538693607,23344.24083370745,23528.516926494296,20.0,157.14001530576908,161.85457629185777,162.1075375043672,492.80103641275514,644.0420613821767,790.9682407607639,0.5,40.0,28873.959875287954,14203.33742036086,18733.194589358005,18863.283175352655,20.0,160.40861824382873,161.94406159200466,162.02215542686608,255.81280396678392,507.3717650386077,593.25550462278,1.3853413066457394,151.03434602826064
mid_l70,mid,70,baichuan2-7b-chat,baichuan-inc--Baichuan2-7B-Chat,DistServe,DistServe-2A100,distserve_2a100,realistic_pcie,realistic PCIe,True,prefill_finish,2.0,1,1,1,64,continuous_batching,16,0.08,2,real_a100_individual_vllm_lora,stage_measurement_logical_pd_replay_continuous_batching,524288,17768.265542456575,22939.540877299027,23086.085704730016,157.0209458901354,159.396877264999,159.4165144846546,523.5399667109709,1647.9882253808119,1793.9979611320437,26.4278592,18255.11867017747,23001.87487090627,23092.252719457894,28.0,157.0209458901354,159.39584601894555,159.4063217239253,921.6065874202432,1674.5661692124609,1816.513497539345,0.7,40.0,28491.799318453126,10233.399469955428,17532.195761942137,17620.094041272412,12.0,157.05057809432986,159.41072752441133,159.41635888537465,200.7986577577897,381.1413431172843,575.2870551438918,1.4039238506146798,148.69040079569652
mid_l70,mid,70,gemma-2-9b-it,google--gemma-2-9b-it,DistServe,DistServe-2A100,distserve_2a100,realistic_pcie,realistic PCIe,True,prefill_finish,2.0,1,1,1,64,continuous_batching,16,0.08,2,real_a100_individual_vllm_lora,stage_measurement_logical_pd_replay_continuous_batching,301056,30907.680894497316,40753.23764672491,40850.314199380206,257.2682176781076,261.90099288452825,262.5814507280175,1836.505703348787,4454.437969287137,4910.399056980339,14.304433600000001,31968.639689119143,40767.3617869258,40864.99449736098,28.0,256.9832155241818,261.3195472463685,262.51213914127914,2806.761192092614,4519.832012030159,4944.481840681935,0.7,40.0,46443.72135131125,17566.890686287123,30406.48766310889,30606.549855727866,12.0,258.18833001921644,262.0940198056578,262.55534383363533,902.4350558487289,1619.4136056951472,1771.4890229469909,0.8612803122520543,243.71187234372601
mid_l70,mid,70,gemma-7b-it,google--gemma-7b-it,DistServe,DistServe-2A100,distserve_2a100,realistic_pcie,realistic PCIe,True,prefill_finish,2.0,1,1,1,64,continuous_batching,16,0.08,2,real_a100_individual_vllm_lora,stage_measurement_logical_pd_replay_continuous_batching,344064,19421.287875967195,25203.78602442404,25306.43431249691,168.5685411106955,172.59145452969221,173.1154274219276,1269.7427311378428,4072.457111142083,4615.830713718029,21.323104,20286.498687330146,25237.704734739258,25312.113343816047,28.0,168.2050173957603,171.88601208668422,173.06763884875403,2260.642065646529,4167.709727737211,4653.507322698429,0.7,40.0,30915.212285072885,11578.89626638944,19044.367041624857,19157.924829829877,12.0,169.34087252118672,172.28572942075328,173.0155465758157,589.3751186704507,1011.25071976615,1244.0218160966292,1.293898439605182,160.07874443562935
mid_l70,mid,70,mistral-7b-instruct-v0.2,mistralai--Mistral-7B-Instruct-v0.2,DistServe,DistServe-2A100,distserve_2a100,realistic_pcie,realistic PCIe,True,prefill_finish,2.0,1,1,1,64,continuous_batching,16,0.08,2,real_a100_individual_vllm_lora,stage_measurement_logical_pd_replay_continuous_batching,131072,20001.718878922376,25792.67282536404,25959.052455287354,173.29206072125814,177.18447305017452,177.57710535534304,784.2475181536925,2124.836055256291,2331.764286457281,6.937759999999999,20535.433794450255,25883.061204739417,25967.99583234226,28.0,173.77400145425852,176.4488786948304,177.54636367060738,1257.931952648738,2149.084188853749,2355.7398092164176,0.7,40.0,31427.08079624051,11473.414361259103,19720.878906153364,19817.592466302733,12.0,173.2450425795129,177.05874165222582,177.36674984148732,300.03713047893893,550.1446709587306,764.8529476116087,1.2770034645351527,164.16531482221677
mid_l70,mid,70,qwen2.5-7b-instruct,Qwen--Qwen2.5-7B-Instruct,DistServe,DistServe-2A100,distserve_2a100,realistic_pcie,realistic PCIe,True,prefill_finish,2.0,1,1,1,64,continuous_batching,16,0.08,2,real_a100_individual_vllm_lora,stage_measurement_logical_pd_replay_continuous_batching,57344,16805.40551476444,21267.48852495,21375.121971661,149.0714422740983,151.28131952967095,151.3660382978279,579.3787298110799,1725.0683715312025,1863.733471449559,2.8463296,17267.127455823713,21294.18302496498,21380.49799139994,28.0,148.92775782760836,151.27233999123888,151.34620704009242,960.3802542958101,1742.8144351492956,1884.7502677884356,0.7,40.0,26808.732302968358,9807.135293944197,16515.22025418973,16608.032226836087,12.0,149.65175250211175,151.2860131261374,151.35569108840508,218.94471427959004,412.21283332273754,607.4263528776294,1.4954308934339748,140.16066788169655
mid_l90,mid,90,baichuan2-7b-chat,baichuan-inc--Baichuan2-7B-Chat,DistServe,DistServe-2A100,distserve_2a100,realistic_pcie,realistic PCIe,True,prefill_finish,2.0,1,1,1,64,continuous_batching,16,0.08,2,real_a100_individual_vllm_lora,stage_measurement_logical_pd_replay_continuous_batching,524288,17725.827822761174,22998.512869042912,23211.59512215967,156.16414199889164,159.1570354452685,159.17523119138218,1573.7588122746895,2795.744552854344,2977.393523367942,32.980230399999996,17948.24339162542,23037.787767470272,23213.59904537112,36.0,156.8953510414083,159.1570354452685,159.17545281269895,1685.1724630155634,2796.7555518464005,2984.9792976485382,0.9,40.0,28569.732117617867,9804.178380728114,10009.196283073306,10032.862090017119,4.0,147.67658204534484,150.4909781305608,150.73673490003628,331.0446437888499,338.7677299711328,341.0978633059822,1.4000841971010445,148.30478257148744
mid_l90,mid,90,gemma-2-9b-it,google--gemma-2-9b-it,DistServe,DistServe-2A100,distserve_2a100,realistic_pcie,realistic PCIe,True,prefill_finish,2.0,1,1,1,64,continuous_batching,16,0.08,2,real_a100_individual_vllm_lora,stage_measurement_logical_pd_replay_continuous_batching,301056,34701.09607462292,46094.47560662469,46186.5849937383,286.2261436446393,289.78573879272153,290.60539238463457,3468.420670498993,6198.054824652827,6700.622089647466,17.8439584,35098.43998645083,46106.352059681,46186.83998526742,36.0,287.32349507867895,289.85607978992664,290.6091612720619,3812.0008219701194,6202.603233444831,6712.029966707584,0.9,40.0,51738.693864517205,18461.473397026457,18874.64000466996,18933.591314571702,4.0,275.35534464364946,279.3601716286714,279.80098108097957,766.2384747824482,875.4896113827833,893.019920816067,0.7731235373513606,271.1187234910974
mid_l90,mid,90,gemma-7b-it,google--gemma-7b-it,DistServe,DistServe-2A100,distserve_2a100,realistic_pcie,realistic PCIe,True,prefill_finish,2.0,1,1,1,64,continuous_batching,16,0.08,2,real_a100_individual_vllm_lora,stage_measurement_logical_pd_replay_continuous_batching,344064,19081.965413586404,24932.50097372928,25088.548812797184,165.0192798905617,169.60068946452748,170.36375083607345,3211.799494501912,6068.313186951186,6575.923315834958,26.842105600000007,19445.5508838056,24950.859934500637,25090.06574191565,36.0,166.43165547051865,169.69653740499996,170.36516247094522,3526.482931747045,6069.065032955464,6588.6080775351775,0.9,40.0,30605.41772858639,10548.88674302354,10784.994541301077,10811.74852112883,4.0,154.77175945481378,157.8552034404825,158.12553528367442,600.4186390221621,647.4984029705599,649.9480545134861,1.3070419778572593,157.31137848444988
mid_l90,mid,90,mistral-7b-instruct-v0.2,mistralai--Mistral-7B-Instruct-v0.2,DistServe,DistServe-2A100,distserve_2a100,realistic_pcie,realistic PCIe,True,prefill_finish,2.0,1,1,1,64,continuous_batching,16,0.08,2,real_a100_individual_vllm_lora,stage_measurement_logical_pd_replay_continuous_batching,131072,18380.418113975076,23870.226305075208,24074.735719122324,161.00425182152634,163.7307282398075,163.95996635566917,1754.4052147731518,3103.6245974756066,3352.4998037528767,8.646406399999998,18593.147180236767,23913.534275828406,24075.794210559943,36.0,161.7378844134997,163.7427558135215,163.96663617534668,1883.2869700041288,3110.570328475843,3360.2719866728926,0.9,40.0,29479.421617444597,10182.814134793136,10360.305467622333,10385.294231417261,4.0,152.9295092706364,155.54191037447055,155.79377604687375,364.3003902128003,373.6390868424867,375.5537545830589,1.3568849428530816,152.8606700905783
mid_l90,mid,90,qwen2.5-7b-instruct,Qwen--Qwen2.5-7B-Instruct,DistServe,DistServe-2A100,distserve_2a100,realistic_pcie,realistic PCIe,True,prefill_finish,2.0,1,1,1,64,continuous_batching,16,0.08,2,real_a100_individual_vllm_lora,stage_measurement_logical_pd_replay_continuous_batching,57344,17569.04278722086,22583.515376270494,22730.391519546443,152.59385619763265,159.84217955635145,160.04861001318773,1589.490797023419,2814.978984476661,2988.4767076137414,3.533158399999999,17782.65206147823,22609.707851923413,22731.60710920584,36.0,152.97946806993764,159.85067321272552,160.05042629204473,1698.4033387619188,2822.3435282618093,2995.949406734149,0.9,40.0,28147.608623140495,10011.864771269878,10197.243867868212,10218.946301286152,4.0,150.19196913496341,152.6727553203062,152.79700432020925,351.45798233434186,357.94003727183787,359.54748388323827,1.4222282803725226,146.02701766128303
