density,density_level,target_long_fraction_pct,model_key,method,method_variant,dispatcher,gpu_count,replica_count,replica_execution,repeat_count,all_completion_p50_ms,all_completion_p90_ms,all_completion_p99_ms,all_ttft_p50_ms,all_ttft_p90_ms,all_ttft_p99_ms,long_completion_p50_ms,long_completion_p90_ms,long_completion_p99_ms,long_request_count,long_ttft_p50_ms,long_ttft_p90_ms,long_ttft_p99_ms,measured_long_fraction,request_count,round_wall_ms,short_completion_p50_ms,short_completion_p90_ms,short_completion_p99_ms,short_request_count,short_ttft_p50_ms,short_ttft_p90_ms,short_ttft_p99_ms,throughput_rps
mid_l10,mid,10,baichuan2-7b-chat,CUCUMIS,CUCUMIS-2A100-RR,round_robin,2.0,2,real_split_workload_sequential_a100,2,4481.638315744931,4651.742583070882,4909.261499184067,140.21718002913985,176.540047238814,476.25423817255063,3231.684280006448,4930.144612916047,4992.793954111985,4.0,412.94461776851676,483.0987569352146,503.63231322320644,0.1,40.0,10167.733842985803,4481.638315744931,4636.748192511732,4665.897401863185,36.0,139.59456476732157,145.81911198911257,153.4490520687541,3.934080028992965
mid_l10,mid,10,baichuan2-7b-chat,CUCUMIS,CUCUMIS-2A100-LB,least_backlog,2.0,2,real_split_workload_sequential_a100,2,4475.57161624718,4535.131251334678,4822.453168914944,139.77781649737153,168.10784684785207,466.14704708568746,3235.0951612606877,4826.615727550234,4839.103403456102,4.0,421.4493385225069,472.6915184466634,492.324932529591,0.1,40.0,10109.553126485895,4475.57161624718,4533.060364250559,4537.563952301571,36.0,139.5833054994,141.5145305218175,145.08717399876332,3.9566582433247657
mid_l30,mid,30,baichuan2-7b-chat,CUCUMIS,CUCUMIS-2A100-RR,round_robin,2.0,2,real_split_workload_sequential_a100,2,4490.532574491226,4718.818128283601,4911.238754324731,140.62025674502365,370.79524149303336,474.3525601390865,3473.142294504214,4893.663315696176,4914.602167951525,12.0,359.32726426108275,436.83440690801945,491.2670671162778,0.3,40.0,10122.515411012915,4490.532574491226,4539.056918059941,4609.016751343152,28.0,139.37807601178065,141.84277655149344,145.14335224870592,3.9515887372614706
mid_l30,mid,30,baichuan2-7b-chat,CUCUMIS,CUCUMIS-2A100-LB,least_backlog,2.0,2,real_split_workload_sequential_a100,2,4520.857855735812,4783.933177008294,4903.421800871147,143.35566299268976,444.4206340878737,505.8419009606587,3831.6750844969647,4872.184022178408,4917.263734856388,12.0,431.16657351492904,503.71337785036303,506.5023725159699,0.3,40.0,10123.360996496967,4520.411301738932,4614.376908456325,4643.220431805239,28.0,141.6089499980444,146.83858523494564,152.24730977672152,3.951304188628815
mid_l50,mid,50,baichuan2-7b-chat,CUCUMIS,CUCUMIS-2A100-RR,round_robin,2.0,2,real_split_workload_sequential_a100,2,4581.114811750012,5445.498530814075,5643.468747327861,179.84064151823986,495.48833161825314,631.768677427608,3834.924002265325,5561.003800883191,5656.47831202863,20.0,423.6443092522677,541.45597104216,643.2209741239784,0.5,40.0,10509.45297250931,4587.80571675743,5307.50248725526,5378.980368279736,20.0,139.29958549852017,167.50309291819582,262.0990444786729,3.806100272825673
mid_l50,mid,50,baichuan2-7b-chat,CUCUMIS,CUCUMIS-2A100-LB,least_backlog,2.0,2,real_split_workload_sequential_a100,2,4642.641953527345,5029.717183471075,5135.184287074953,156.07801300939173,502.2428486379795,560.1194870559266,3696.20338450477,5030.921199166914,5151.571821458638,20.0,433.2079537707614,514.0525580151007,567.304866250488,0.5,40.0,10188.771022002089,4649.9652902566595,4915.626936606714,4948.573610737221,20.0,146.68027649167925,154.58598827244714,156.67374182317872,3.9258905814685896
mid_l70,mid,70,baichuan2-7b-chat,CUCUMIS,CUCUMIS-2A100-RR,round_robin,2.0,2,real_split_workload_sequential_a100,2,4716.722671248135,4981.189248003648,5057.086571810942,361.71027600357775,480.26343385863584,557.2596826805966,3953.3638317661826,5002.642974752234,5060.200957253983,28.0,415.02443549688905,500.58637570473365,564.0462007845053,0.7,40.0,10448.15896051154,4729.981348500587,4758.491183555452,4784.9444482746185,12.0,139.7868192580063,145.97103019768838,147.6418113950058,3.828429269346904
mid_l70,mid,70,baichuan2-7b-chat,CUCUMIS,CUCUMIS-2A100-LB,least_backlog,2.0,2,real_split_workload_sequential_a100,2,4811.045958500472,5394.250418283627,5553.041477244988,384.4763117522234,508.35819063941017,579.4632080110023,3963.552618501126,5461.112639307976,5560.697069783637,28.0,438.1168739928398,513.8415679830359,584.8060160066234,0.7,40.0,10882.68878149251,4997.364851995371,5251.043286846834,5266.039792908414,12.0,146.87038050033152,154.78314211650286,157.45008996105753,3.6761407912668176
mid_l90,mid,90,baichuan2-7b-chat,CUCUMIS,CUCUMIS-2A100-RR,round_robin,2.0,2,real_split_workload_sequential_a100,2,4854.989780011238,5333.016227083863,5510.853887851699,403.9313279790804,530.8986115589505,587.2243315397645,4561.2646350055,5346.590131477569,5511.942415611702,36.0,418.7116135144606,542.1331257530255,587.2720368191949,0.9,40.0,10994.751511969702,5069.185529238894,5301.144162064884,5322.812414424261,4.0,140.6834379886277,151.40798535430804,155.0388698891038,3.638109169411405
mid_l90,mid,90,baichuan2-7b-chat,CUCUMIS,CUCUMIS-2A100-LB,least_backlog,2.0,2,real_split_workload_sequential_a100,2,4727.593814997817,5066.263442294439,5226.940671353368,417.679869235144,499.719358747825,568.6887972604018,3418.5583709768252,5067.730157490587,5227.833257213933,36.0,423.964840505505,503.6098137497902,569.3761583592277,0.9,40.0,10432.402692981163,4806.903380245785,4852.343633532291,4869.115084883524,4.0,139.23940449603833,142.1569426980568,142.57648651633644,3.8342098515908813
high_l10,high,10,baichuan2-7b-chat,CUCUMIS,CUCUMIS-2A100-RR,round_robin,2.0,2,real_split_workload_sequential_a100,2,4500.925851491047,5035.563475615345,5219.553398701828,148.91732575779315,198.4414487669713,521.7110914457588,3323.4063972486183,5159.608026233036,5305.21389825386,4.0,419.7569484967971,535.7455641846173,577.8489824011922,0.1,40.0,8973.211436989932,4500.925851491047,5030.336452473421,5055.538620565494,36.0,141.54043051530607,160.41454326477833,174.08423113374738,4.461746860985896
high_l10,high,10,baichuan2-7b-chat,CUCUMIS,CUCUMIS-2A100-LB,least_backlog,2.0,2,real_split_workload_sequential_a100,2,4741.51780550892,5036.608588701347,5252.076818892674,150.28628348954953,162.13689285505097,479.73353323264746,3458.1796617421787,5270.995336966007,5361.891626316647,4.0,402.6412824896397,479.9778089829488,480.7106362338527,0.1,40.0,9230.628549531359,4741.51780550892,5019.544535753084,5064.056767201691,36.0,149.79745472373907,158.6384607362561,161.1649665312143,4.333399915407371
high_l30,high,30,baichuan2-7b-chat,CUCUMIS,CUCUMIS-2A100-RR,round_robin,2.0,2,real_split_workload_sequential_a100,2,4554.2448529886315,4804.00427399436,5048.1022149155615,142.35795149579644,445.46949311043136,504.84652330051176,3512.407765505486,4993.883729717345,5067.978513589478,12.0,424.3308940058341,502.544049025164,505.4595687368419,0.3,40.0,8760.582079473208,4554.2448529886315,4688.800624763826,4802.616359075764,28.0,140.98923550045583,144.34745415637735,147.05517198570305,4.565906876703294
high_l30,high,30,baichuan2-7b-chat,CUCUMIS,CUCUMIS-2A100-LB,least_backlog,2.0,2,real_split_workload_sequential_a100,2,4500.726322236005,4714.423825024278,4856.449205112876,141.38003248081077,433.96464760880923,496.4717364651733,3650.85648848617,4841.914227491361,4862.024350349093,12.0,428.2357475021854,491.03739715355914,497.52272401965456,0.3,40.0,8695.445758040416,4502.652618233697,4578.75738235598,4595.668750437035,28.0,140.1416107401019,145.57034744648263,148.5176891979063,4.600109248857532
high_l50,high,50,baichuan2-7b-chat,CUCUMIS,CUCUMIS-2A100-RR,round_robin,2.0,2,real_split_workload_sequential_a100,2,4841.439788986463,5200.273750530323,5343.866228054976,162.36073950130958,517.5114457553718,606.3906629214762,3243.467005973798,5158.345151366666,5312.66910698323,20.0,416.638455746579,566.2639631424099,608.8416478125146,0.5,40.0,9307.400128981355,5040.04623075889,5220.026780679473,5233.78302534431,20.0,155.69084900198504,161.8710762966657,292.3512640481929,4.300007152082625
high_l50,high,50,baichuan2-7b-chat,CUCUMIS,CUCUMIS-2A100-LB,least_backlog,2.0,2,real_split_workload_sequential_a100,2,4601.154257994494,4862.387671408942,4967.056674552732,146.86182398872916,503.19392386300024,566.7612116414239,3718.01340674574,4899.285587746999,4984.896325560403,20.0,416.71489250438754,512.3659041913926,572.300246443192,0.5,40.0,8975.27978199909,4613.177444218309,4698.126653485815,4713.480414864607,20.0,140.992995002307,146.68215499259531,176.64865426835598,4.456686506891087
high_l70,high,70,baichuan2-7b-chat,CUCUMIS,CUCUMIS-2A100-RR,round_robin,2.0,2,real_split_workload_sequential_a100,2,4687.60671124619,4896.711546229199,5078.853807663545,230.6683934875764,484.1246359719662,591.8167049996555,4051.4349472505273,4958.960294065764,5081.912739304826,28.0,377.10713625710923,518.3559844474075,595.674598379992,0.7,40.0,8699.034359996422,4783.988220486208,4816.145754704485,4823.009368813073,12.0,138.31155200023204,152.5615944818128,170.96231681265635,4.598220186780289
high_l70,high,70,baichuan2-7b-chat,CUCUMIS,CUCUMIS-2A100-LB,least_backlog,2.0,2,real_split_workload_sequential_a100,2,4697.406765495543,5452.768750549876,5692.616488306667,314.52705325500574,572.0855948282406,646.9746942623169,3531.852528511081,5517.315201484598,5696.9898548250785,28.0,404.6210350061301,598.4752836695407,650.2626792647061,0.7,40.0,8836.03711700235,4723.6421632551355,5438.828142039711,5451.037284521444,12.0,148.39886226400267,158.628561385558,164.39414079592098,4.526917454933227
high_l90,high,90,baichuan2-7b-chat,CUCUMIS,CUCUMIS-2A100-RR,round_robin,2.0,2,real_split_workload_sequential_a100,2,4789.125730501837,5129.82543715043,5341.953007126285,408.7082027544966,521.3013599422993,600.1792660114006,4370.6988009944325,5168.077735754196,5341.984742805653,36.0,425.62159574299585,527.5760095246369,600.8280931928311,0.9,40.0,9073.41347348758,5002.13164476736,5066.285095352214,5066.561568735051,4.0,140.0592155114282,141.2708372808993,141.5483250573743,4.408484371172088
high_l90,high,90,baichuan2-7b-chat,CUCUMIS,CUCUMIS-2A100-LB,least_backlog,2.0,2,real_split_workload_sequential_a100,2,4777.955626763287,5146.471581415972,5330.621874317876,407.24071650765836,520.9425137116341,601.031712651602,3422.0610982738435,5148.784509015968,5331.424481977592,36.0,426.002036765567,531.0688864992699,602.0088296121685,0.9,40.0,9122.513427507347,5038.431908746134,5066.826810449129,5067.468107293826,4.0,142.04738051921595,146.2010629446013,147.68335173401283,4.384756494962499
mid_l10,mid,10,gemma-2-9b-it,CUCUMIS,CUCUMIS-2A100-RR,round_robin,2.0,2,real_split_workload_sequential_a100,2,8225.569964008173,8632.450942805735,8821.366697574267,252.55529825517442,294.72712604329024,844.5948432220029,5540.538660512539,8784.546636405867,8885.70806208998,4.0,692.4758505047066,857.5788318674313,896.5307978037163,0.1,40.0,14333.407092474277,8265.673476998927,8601.022571499925,8671.256817622634,36.0,250.9297694923589,256.57194247469306,266.23751761508174,2.7907852820663717
mid_l10,mid,10,gemma-2-9b-it,CUCUMIS,CUCUMIS-2A100-LB,least_backlog,2.0,2,real_split_workload_sequential_a100,2,7871.69911750243,7989.286986508523,8282.740698475973,241.42659148492385,252.73608964052988,734.4809983475716,5204.601312012528,8324.459595244844,8454.238042961806,4.0,606.2246197543573,735.3644441551296,738.0147815778037,0.1,40.0,13628.384087480714,7871.69911750243,7988.456414997927,7991.850010919734,36.0,241.10808224941138,246.06455577304587,276.0179342236369,2.9350695112643996
mid_l30,mid,30,gemma-2-9b-it,CUCUMIS,CUCUMIS-2A100-RR,round_robin,2.0,2,real_split_workload_sequential_a100,2,7903.219169005752,8456.697748359875,8643.486434421211,243.16686649399344,730.5504391959403,838.4783103322843,8237.259601752157,8631.357183406362,8643.96591188939,12.0,672.3151107580634,794.3005691631697,858.4655899537029,0.3,40.0,13557.766297496033,7900.6666485074675,7996.158321396797,8148.567208546738,28.0,241.63644800137263,244.2363718932029,260.2137972583296,2.950340967629546
mid_l30,mid,30,gemma-2-9b-it,CUCUMIS,CUCUMIS-2A100-LB,least_backlog,2.0,2,real_split_workload_sequential_a100,2,8014.940811495762,8300.031212478643,8551.402791041764,246.06430949643254,720.8211442979518,760.2792708636844,8161.787100500078,8524.817981099477,8560.066297226003,12.0,643.5206799942534,739.9423074850347,769.2493136276607,0.3,40.0,13652.97988899551,8005.783274740679,8100.731693048147,8105.386768078315,28.0,244.90071200125385,248.32119897182565,251.78706737526227,2.929766404507049
mid_l50,mid,50,gemma-2-9b-it,CUCUMIS,CUCUMIS-2A100-RR,round_robin,2.0,2,real_split_workload_sequential_a100,2,8110.18149125448,8489.44187919551,8657.518810818729,246.47712751175277,697.7278072910849,860.8840025213431,8202.74727549986,8564.52703436371,8686.71166731423,20.0,613.8220837456174,792.0991373190191,872.4345212228944,0.5,40.0,14096.70605398283,8109.278050498688,8163.700898824027,8166.564180848945,20.0,244.1088989871787,246.6875099693425,249.00270463171182,2.8375436426089307
mid_l50,mid,50,gemma-2-9b-it,CUCUMIS,CUCUMIS-2A100-LB,least_backlog,2.0,2,real_split_workload_sequential_a100,2,8038.134469243232,8515.715972922044,8631.414447661955,248.1263617228251,799.8115022608545,871.9791211863048,8225.811006515869,8573.223011038499,8640.902571154293,20.0,688.1564452633029,847.5683884695172,878.4419492795132,0.5,40.0,13982.996273013174,8026.023647485999,8051.357090249076,8055.55606919399,20.0,241.22996874211822,263.3576709864428,297.57225793960964,2.860620172975981
mid_l70,mid,70,gemma-2-9b-it,CUCUMIS,CUCUMIS-2A100-RR,round_robin,2.0,2,real_split_workload_sequential_a100,2,8186.098850259441,8531.038633844582,8828.304057174246,302.9747065156698,777.2769491362851,1004.3427838699425,8148.598236497492,8584.03750010475,8857.344402651652,28.0,604.2986925167497,800.538079906255,1034.5257297472563,0.7,40.0,13759.786697528752,8205.257803987479,8218.229430759675,8221.017669627909,12.0,243.31708101090044,247.02965170436073,281.5018506179331,2.907416101656836
mid_l70,mid,70,gemma-2-9b-it,CUCUMIS,CUCUMIS-2A100-LB,least_backlog,2.0,2,real_split_workload_sequential_a100,2,8393.532534231781,9271.484576843795,9517.149966905708,303.14024625113234,840.1128488068935,1044.6984162958688,8424.940247510676,9331.817077062442,9532.844353080145,28.0,676.8070092366543,861.2318778585177,1057.4274943579803,0.7,40.0,14537.282618525782,8079.745649243705,8889.538200190873,8892.4891710456,12.0,242.66077723586932,267.8148818464251,270.40766679216176,2.751549369046498
mid_l90,mid,90,gemma-2-9b-it,CUCUMIS,CUCUMIS-2A100-RR,round_robin,2.0,2,real_split_workload_sequential_a100,2,9024.369115504669,9564.746981594362,9752.016780718113,679.4054002384655,895.7374398305548,1038.933766814298,9025.637853512308,9578.423345999909,9761.043351617991,36.0,685.3247577673756,920.6829252361786,1040.6371952936752,0.9,40.0,15015.704334493825,9004.279214248527,9154.190787638072,9194.106045810622,4.0,264.3847667641239,281.27299612679053,287.0445898323669,2.6638961312278346
mid_l90,mid,90,gemma-2-9b-it,CUCUMIS,CUCUMIS-2A100-LB,least_backlog,2.0,2,real_split_workload_sequential_a100,2,8286.095921241213,8905.262677834253,9204.75818428502,647.5991074985359,769.4917512038955,918.9035429613432,8291.313321475172,8943.038863231777,9206.930841846042,36.0,653.0110320163658,777.2666340024443,920.5822140414966,0.9,40.0,14253.548666469618,8245.488610016764,8527.315200504381,8622.750317147584,4.0,241.30200300714932,249.8592303483747,253.1598751799902,2.8123460297675242
high_l10,high,10,gemma-2-9b-it,CUCUMIS,CUCUMIS-2A100-RR,round_robin,2.0,2,real_split_workload_sequential_a100,2,7914.905851997901,7962.941910879454,8417.435838607198,241.00320450088475,294.4336878455944,774.1143504134379,5364.338561252225,8422.807325664326,8438.921786835708,4.0,637.2192319831811,781.8353965529241,804.9985349713825,0.1,40.0,12175.374311019224,7914.905851997901,7958.092535249307,7968.9539543454885,36.0,240.4615685081808,244.50295224960428,279.73164346767584,3.2853206120377534
high_l10,high,10,gemma-2-9b-it,CUCUMIS,CUCUMIS-2A100-LB,least_backlog,2.0,2,real_split_workload_sequential_a100,2,7864.975212491117,7873.205925326329,8154.3034982305835,240.92917224334087,245.73164748144336,723.3214283152483,5141.508911503479,8189.670040289639,8317.518428522744,4.0,604.6624427544884,724.0487543633208,726.230732507538,0.1,40.0,12107.999847535068,7866.016492494964,7872.6514959853375,7875.851254956797,36.0,240.46219101001043,243.8630117540015,245.94505025888793,3.3036011676150747
high_l30,high,30,gemma-2-9b-it,CUCUMIS,CUCUMIS-2A100-RR,round_robin,2.0,2,real_split_workload_sequential_a100,2,7832.882968999911,8449.62057605735,8672.665458833508,241.43297826230992,717.0665061887121,936.867941385717,8189.37526375521,8648.91871488362,8683.536600373627,12.0,672.1646850201068,855.0411904376233,973.9147525868611,0.3,40.0,12120.479258496762,7829.949048507842,8052.565638642409,8163.4642036719015,28.0,239.7731465025572,248.69041947240476,322.4528256856138,3.3002064597848033
high_l30,high,30,gemma-2-9b-it,CUCUMIS,CUCUMIS-2A100-LB,least_backlog,2.0,2,real_split_workload_sequential_a100,2,7915.861819768907,8287.104533769889,8432.20286353695,243.60917773447,620.363495440688,726.7211273536668,8091.173582506599,8391.145364454133,8449.501432928664,12.0,441.031245252816,724.8800054861931,727.3152698509512,0.3,40.0,12172.889509997587,7910.850604268489,7967.139197257347,7973.147312593064,28.0,241.9572729850188,247.2302401525667,262.87043454445666,3.286005113777129
high_l50,high,50,gemma-2-9b-it,CUCUMIS,CUCUMIS-2A100-RR,round_robin,2.0,2,real_split_workload_sequential_a100,2,8060.96503273875,8523.077036472387,8692.582808079023,252.8949382394785,705.8937310706824,960.371684760612,8236.604656005511,8650.466046962538,8701.563117768674,20.0,611.6321627778234,830.8207606838552,975.6496979566872,0.5,40.0,12418.753757522465,8049.9018067494035,8165.833467346965,8253.382269885624,20.0,244.6128124865936,257.3445633286611,455.2650764767893,3.221630814116023
high_l50,high,50,gemma-2-9b-it,CUCUMIS,CUCUMIS-2A100-LB,least_backlog,2.0,2,real_split_workload_sequential_a100,2,8033.408393501304,8481.163071896299,8598.25147168216,247.79698901693337,763.1644262233749,924.4625490304315,8051.928095504991,8547.961524451966,8603.3870515725,20.0,648.1843512592604,840.2809485036414,936.0065500281052,0.5,40.0,12501.37261449967,8033.194993244251,8054.951432446251,8055.856975821371,20.0,242.37108101078775,270.0970913370839,320.9046256035799,3.199650758481258
high_l70,high,70,gemma-2-9b-it,CUCUMIS,CUCUMIS-2A100-RR,round_robin,2.0,2,real_split_workload_sequential_a100,2,8273.39129675238,8528.775459874305,8730.451410517853,320.5168375134235,783.5083982732613,867.7446955561754,8227.418309019413,8581.749207901885,8737.132639900374,28.0,621.6446105099749,789.4730383646674,878.4129156931886,0.7,40.0,12558.138344486924,8308.516790755675,8325.847485417034,8327.090526198735,12.0,243.1724090129137,247.17573170782998,251.10135455266573,3.1851892305073983
high_l70,high,70,gemma-2-9b-it,CUCUMIS,CUCUMIS-2A100-LB,least_backlog,2.0,2,real_split_workload_sequential_a100,2,8425.604486532393,9133.957005300908,9260.129545070813,338.99872926122043,865.7946817285847,960.1255906606093,8386.309325273032,9163.227454508888,9269.560419053887,28.0,630.6687887408771,890.6946728966432,962.6407613791525,0.7,40.0,12933.67987350107,8691.931368754013,8760.81816375663,8770.512960851484,12.0,251.21344850049354,259.7671803319827,261.43746779009234,3.094514857879154
high_l90,high,90,gemma-2-9b-it,CUCUMIS,CUCUMIS-2A100-RR,round_robin,2.0,2,real_split_workload_sequential_a100,2,8386.388601255021,8953.21960723959,9176.945254812017,495.17309600196313,826.1259924533078,903.5424841797794,8407.931440990069,8970.208382233977,9180.760823190212,36.0,618.5515947727254,834.171054259059,903.6364680607221,0.9,40.0,12975.991137001241,8349.505635502283,8612.362678404315,8648.713479596481,4.0,237.74542298633605,262.0448348519858,271.4174651430221,3.083108259578565
high_l90,high,90,gemma-2-9b-it,CUCUMIS,CUCUMIS-2A100-LB,least_backlog,2.0,2,real_split_workload_sequential_a100,2,8439.75335075811,9519.873467681464,9653.656351729005,455.16506950662006,996.5241701516788,1029.8964516090928,8353.832476001116,9563.674468488898,9655.8786567286,36.0,597.2370012459578,996.9276267511304,1030.3744424687466,0.9,40.0,13547.821375489259,9047.326622516266,9117.950771498727,9117.950771498727,4.0,255.5278364889091,271.64687699405476,271.64687699405476,2.9525175367198093
mid_l10,mid,10,gemma-7b-it,CUCUMIS,CUCUMIS-2A100-RR,round_robin,2.0,2,real_split_workload_sequential_a100,2,4917.677313249442,5450.444490398513,5674.723960732808,151.6426752496045,232.85328643687578,593.1634865366505,5327.264997235034,5690.06187710329,5736.075626214733,4.0,541.4891597465612,599.4679949508281,618.3815201933612,0.1,40.0,10748.859246507385,4626.249293753062,5447.195735760033,5451.31760143413,36.0,143.09000999492127,162.87503975036088,191.38709690741956,3.7213442845567046
mid_l10,mid,10,gemma-7b-it,CUCUMIS,CUCUMIS-2A100-LB,least_backlog,2.0,2,real_split_workload_sequential_a100,2,5049.514102734975,5178.030440173461,5230.778060977173,155.73590599524323,163.7170514848549,557.6754397663171,5086.662363508367,5221.891956916079,5250.934898956912,4.0,502.39678924845066,560.9255645860685,570.6759390453226,0.1,40.0,10738.950788493134,4923.871215985855,5176.459746013279,5184.021194229717,36.0,147.8762829938205,160.45748350734357,162.77380916435504,3.7247681982599476
mid_l30,mid,30,gemma-7b-it,CUCUMIS,CUCUMIS-2A100-RR,round_robin,2.0,2,real_split_workload_sequential_a100,2,4901.310092260246,5529.608273154008,5822.579867161985,151.52185873012058,630.8102784794755,695.859784730128,5287.089678022312,5720.701520022703,5865.472522856144,12.0,587.0490772649646,685.6948438391555,699.4989459885983,0.3,40.0,10502.001575498485,4877.012757759076,5223.207633389393,5530.892762429139,28.0,150.25210000749212,156.10066697990987,174.0103348271805,3.811031856008929
mid_l30,mid,30,gemma-7b-it,CUCUMIS,CUCUMIS-2A100-LB,least_backlog,2.0,2,real_split_workload_sequential_a100,2,4864.918491497519,5238.774714659667,5591.300195523072,158.311462495476,556.2623972189613,582.6765754222288,5127.755803754553,5580.141395019018,5595.328824736644,12.0,546.2855497607961,579.7151538485195,583.5490195846069,0.3,40.0,10706.34957197621,4831.32030449633,5183.679517460405,5205.902639111446,28.0,149.669714999618,160.57684778934345,169.04207028419478,3.7361014199465545
mid_l50,mid,50,gemma-7b-it,CUCUMIS,CUCUMIS-2A100-RR,round_robin,2.0,2,real_split_workload_sequential_a100,2,4926.656528245076,5414.105530231609,5742.871796337422,162.3342889797641,569.2478756682249,618.2523341706838,5123.176768494886,5624.950015803915,5773.683241030667,20.0,553.1136825011345,579.5184151967987,628.5556494756019,0.5,40.0,10469.101126519257,4871.680911761359,5190.794579940848,5375.372612260107,20.0,141.92018474568613,157.60847506171558,165.30060706660151,3.821591986513263
mid_l50,mid,50,gemma-7b-it,CUCUMIS,CUCUMIS-2A100-LB,least_backlog,2.0,2,real_split_workload_sequential_a100,2,5101.771058762097,5490.21007338888,5755.316295537923,162.6543767633848,572.6143940817565,667.4342938646441,5106.6281990206335,5586.010101059219,5761.484206047899,20.0,545.2635167603148,655.0707493006485,670.5463267693995,0.5,40.0,10766.103643034927,5105.630383492098,5342.064660022152,5364.575426223164,20.0,145.66018573532347,161.1361476680031,192.30008171231015,3.7153650258460984
mid_l70,mid,70,gemma-7b-it,CUCUMIS,CUCUMIS-2A100-RR,round_robin,2.0,2,real_split_workload_sequential_a100,2,5541.723856236786,6304.516283850535,6478.288991172158,523.2759407663252,715.0515234767227,827.5889767799526,5674.634105496807,6322.155763063347,6489.6301545147435,28.0,584.0243307466153,737.7272032113979,833.3491674624383,0.7,40.0,11212.212900527851,5516.736457750085,5907.442056131549,6001.97074400814,12.0,141.60041851573624,166.7981294391211,229.27496441174304,3.567541685865379
mid_l70,mid,70,gemma-7b-it,CUCUMIS,CUCUMIS-2A100-LB,least_backlog,2.0,2,real_split_workload_sequential_a100,2,5387.363324232865,5894.695783572388,6209.010482115555,528.9116609928897,699.9788258050103,837.3815741727594,5434.814438252943,6026.452009539935,6221.481536235078,28.0,571.6808464931091,726.3601043057861,843.5773191938642,0.7,40.0,10723.386246491333,5377.982796257129,5801.144171884516,5859.308371025254,12.0,143.14848225330934,163.1369137467118,176.261312229326,3.730165929031944
mid_l90,mid,90,gemma-7b-it,CUCUMIS,CUCUMIS-2A100-RR,round_robin,2.0,2,real_split_workload_sequential_a100,2,5646.614396755467,6246.941895445343,6360.526764079696,549.1335542465094,792.6498145534425,915.8971994373132,5564.103967757546,6252.251567260828,6361.925420019543,36.0,571.5883990051225,821.144488741993,917.9408552372478,0.9,40.0,10572.756527499632,5953.939237995655,6012.449001244386,6015.296312569117,4.0,142.78932349407114,146.24096433981322,147.1054086269578,3.784191318822554
mid_l90,mid,90,gemma-7b-it,CUCUMIS,CUCUMIS-2A100-LB,least_backlog,2.0,2,real_split_workload_sequential_a100,2,6108.763652518974,6622.5639449985465,6779.905136217421,579.202852997696,860.2214654820273,1025.616791267821,6027.3451050015865,6637.146959008533,6782.040423476428,36.0,619.5891639799811,870.2032914879965,1025.9574835465173,0.9,40.0,11241.692675494465,6372.274337991257,6406.002438568976,6406.674054538598,4.0,161.41639498528093,163.4106968616834,163.83745224942686,3.558185013137464
high_l10,high,10,gemma-7b-it,CUCUMIS,CUCUMIS-2A100-RR,round_robin,2.0,2,real_split_workload_sequential_a100,2,4661.901582003338,4905.329745661584,5119.9023343552835,144.38677424914204,199.90048671024877,584.7965387476142,4993.211101755151,5131.454746506643,5166.11198296072,4.0,499.8684430029243,595.3005344665144,626.8125216232147,0.1,40.0,8870.836181510496,4656.287250239984,4898.627408998436,4901.572102899081,36.0,144.18394574022386,148.69185049610678,181.25332434865413,4.509158105498468
high_l10,high,10,gemma-7b-it,CUCUMIS,CUCUMIS-2A100-LB,least_backlog,2.0,2,real_split_workload_sequential_a100,2,4648.651803014218,4774.39264220593,5079.046028537268,143.49247273639776,153.72415707679468,537.5376190035604,4891.553696972551,5093.61275480187,5137.312933595676,4.0,493.79760249576066,537.7034575038124,538.2009730045684,0.1,40.0,8876.845095978608,4646.300437263562,4757.86204423639,4788.707675795013,36.0,143.22667398664635,145.70161623123568,150.5987244701828,4.506130713402403
high_l30,high,30,gemma-7b-it,CUCUMIS,CUCUMIS-2A100-RR,round_robin,2.0,2,real_split_workload_sequential_a100,2,4707.050832017558,5581.373337059631,5853.981966811989,143.83825298864394,678.3096204599133,870.0325537010212,5253.563867998309,5747.096494075959,5897.520752182754,12.0,637.2728607384488,851.2378107494442,878.4341050396324,0.3,40.0,8850.126073494577,4694.310081249569,5201.302026351914,5560.755599609693,28.0,142.82469025056344,168.96704989485443,260.30643199395854,4.519709637441314
high_l30,high,30,gemma-7b-it,CUCUMIS,CUCUMIS-2A100-LB,least_backlog,2.0,2,real_split_workload_sequential_a100,2,4710.283522261307,5091.645841603167,5209.379645308072,147.11023900599685,539.8938058875501,562.3205035252613,4899.276327487314,5179.7127473168075,5221.036130129651,12.0,485.580317734275,557.5019359996077,563.9546204885119,0.3,40.0,8893.683044475294,4678.002664266387,4812.992283297353,4870.490846595785,28.0,142.775689237169,155.99639924475923,173.18892301729647,4.497585102738736
high_l50,high,50,gemma-7b-it,CUCUMIS,CUCUMIS-2A100-RR,round_robin,2.0,2,real_split_workload_sequential_a100,2,5110.797917746822,5810.411363863386,6083.526852341602,173.01496399159078,664.0241834975313,747.6896176708397,5238.209270260995,5955.015577340964,6113.358511134284,20.0,560.7434957491932,699.0772287448635,756.6519188822713,0.5,40.0,9310.70981900569,5038.5162939928705,5543.823383914423,5778.079146220116,20.0,142.68882150645368,157.8590676188469,216.68775420985176,4.296269932543375
high_l50,high,50,gemma-7b-it,CUCUMIS,CUCUMIS-2A100-LB,least_backlog,2.0,2,real_split_workload_sequential_a100,2,5507.045841004583,5829.667507647537,6033.4132414421765,170.0677404878661,637.8592236782424,770.4719778851722,5519.618531732704,5906.428739288822,6048.865124047152,20.0,565.5815059726592,671.0783931717743,790.6922717872657,0.5,40.0,9768.059690985958,5516.180934748263,5664.838052337291,5674.676838170853,20.0,161.50049926363863,178.89396405080345,260.5540785007179,4.095088287995974
high_l70,high,70,gemma-7b-it,CUCUMIS,CUCUMIS-2A100-RR,round_robin,2.0,2,real_split_workload_sequential_a100,2,5530.297035249532,5842.083651895518,6115.23394574062,317.20770048559643,733.446063825977,819.2137398672639,5373.424712510314,6004.026253524353,6124.178630901733,28.0,597.6908257434843,744.5450669503771,826.2831797424587,0.7,40.0,9658.940212512645,5665.118262244505,5676.701799820876,5767.0357823887025,12.0,150.3071027691476,193.20760393165983,222.07552112580743,4.143444547904597
high_l70,high,70,gemma-7b-it,CUCUMIS,CUCUMIS-2A100-LB,least_backlog,2.0,2,real_split_workload_sequential_a100,2,5765.611374255968,6149.707698755083,6337.366915198218,341.19576402008533,736.2109716283159,913.7717688910197,5612.931581767043,6245.15855491336,6343.60326330032,28.0,553.8407704880228,809.5780747535173,916.7259404750075,0.7,40.0,9872.547964499081,5959.275860761409,6022.840761911357,6032.6200606892235,12.0,163.01687450322788,169.3798110296484,171.45841479097726,4.051638974685541
high_l90,high,90,gemma-7b-it,CUCUMIS,CUCUMIS-2A100-RR,round_robin,2.0,2,real_split_workload_sequential_a100,2,5928.604427259415,6370.154982604436,6533.094291637535,578.4393172652926,837.4756868433906,960.622539051983,5786.408023006516,6389.280375020462,6535.2574249583995,36.0,632.218660772196,850.9288702480262,961.7477768901153,0.9,40.0,9535.548547971086,6144.717042261618,6199.456975443172,6206.283613183477,4.0,145.61005498399027,200.4076583252754,221.54387675691396,4.194864908695715
high_l90,high,90,gemma-7b-it,CUCUMIS,CUCUMIS-2A100-LB,least_backlog,2.0,2,real_split_workload_sequential_a100,2,5850.216880993685,6293.629524920834,6419.558717256878,544.8763905005762,902.5948977505323,977.2346634409041,5765.075154500664,6307.2727627295535,6421.064799895976,36.0,569.4093864876777,916.3538807479199,978.0642376004835,0.9,40.0,9465.381209999443,5955.828153761104,6038.625604409026,6066.9707165966975,4.0,147.74986052361783,152.76778476545587,154.44167608977295,4.226001128294594
mid_l10,mid,10,mistral-7b-instruct-v0.2,CUCUMIS,CUCUMIS-2A100-RR,round_robin,2.0,2,real_split_workload_sequential_a100,2,4603.497927761055,4656.873813725542,4940.679794572352,141.0399642336415,172.33462804870243,471.52792360488087,4871.3617870089365,4947.986521522398,4969.9067023725365,4.0,403.72521874087397,477.7820371935377,496.544377959508,0.1,40.0,10245.95373148482,4602.179157489445,4627.866641996661,4637.237518635811,36.0,140.63369976065587,144.64809725177474,149.4306187116308,3.9039816223269996
mid_l10,mid,10,mistral-7b-instruct-v0.2,CUCUMIS,CUCUMIS-2A100-LB,least_backlog,2.0,2,real_split_workload_sequential_a100,2,4654.079079511575,5209.078280653921,5573.690169300244,144.43656126968563,182.97757998516346,526.5521450908273,5522.269604975008,5580.938516315655,5602.683557361888,4.0,478.5489017231157,533.5671473032562,554.6121539405431,0.1,40.0,10866.45997453748,4653.043641257682,5205.717485485366,5209.53247697762,36.0,143.83351949800272,159.57496174087282,162.19069285871228,3.6810518541190156
mid_l30,mid,30,mistral-7b-instruct-v0.2,CUCUMIS,CUCUMIS-2A100-RR,round_robin,2.0,2,real_split_workload_sequential_a100,2,5098.150479738251,5268.745030803257,5416.211143282708,159.85880373045802,434.9983241962036,485.96551629365416,4939.8038030049065,5030.113696545595,5455.763452042593,12.0,420.8720087626716,442.263849612209,505.8750952093397,0.3,40.0,10915.215034487534,5253.917290741811,5269.098787402618,5272.4670999799855,28.0,158.91038275731262,162.0012517843861,166.18235804053256,3.664611068647076
mid_l30,mid,30,mistral-7b-instruct-v0.2,CUCUMIS,CUCUMIS-2A100-LB,least_backlog,2.0,2,real_split_workload_sequential_a100,2,5113.599032993079,5502.784217972658,5574.827987075259,159.66518750065006,485.2567946363706,580.8012394353864,5314.3053172389045,5573.449000730761,5575.324765871919,12.0,479.7172142280033,571.3679244945524,581.7542288187542,0.3,40.0,10901.982409980024,4649.055916495854,5254.676897582249,5258.628652567277,28.0,146.06625375745352,162.50852798402775,167.00424545735586,3.6690640592109194
mid_l50,mid,50,mistral-7b-instruct-v0.2,CUCUMIS,CUCUMIS-2A100-RR,round_robin,2.0,2,real_split_workload_sequential_a100,2,4906.304138494306,5206.387309712591,5335.89144534868,179.1691127436934,509.8069399857195,668.5704887239262,5081.078049493954,5262.141936548869,5351.59883644752,20.0,438.96604723704513,560.4500182525956,668.660289128311,0.5,40.0,10530.160962500719,4761.389630235499,4956.561788168619,4986.926501689595,20.0,141.66869448672514,148.26794410473667,239.27401416702185,3.7986124055975914
mid_l50,mid,50,mistral-7b-instruct-v0.2,CUCUMIS,CUCUMIS-2A100-LB,least_backlog,2.0,2,real_split_workload_sequential_a100,2,4998.670575252618,5690.330171526875,5738.84843657841,203.69444499374367,558.3243908185977,613.4644287527772,5199.614396260586,5736.401624701102,5739.207006270299,20.0,439.7106647520559,565.7768803532235,620.7772596512223,0.5,40.0,11136.851536996306,4723.312362257275,5335.858848498901,5339.512742285151,20.0,144.8177907441277,163.32577774883248,167.6678454488865,3.5917016270436184
mid_l70,mid,70,mistral-7b-instruct-v0.2,CUCUMIS,CUCUMIS-2A100-RR,round_robin,2.0,2,real_split_workload_sequential_a100,2,4947.758176509524,5180.674985540099,5245.3900562552735,368.93670124118216,491.05635742016614,590.9994535840815,5039.922956246301,5201.372145721689,5247.070784177631,28.0,439.448145480128,534.8195816477528,597.4480927846162,0.7,40.0,10581.768755464918,4838.672610247158,4934.3051235424355,4948.99882533733,12.0,141.2505497573875,146.87365230638534,172.7957074844744,3.7801493258973817
mid_l70,mid,70,mistral-7b-instruct-v0.2,CUCUMIS,CUCUMIS-2A100-LB,least_backlog,2.0,2,real_split_workload_sequential_a100,2,5263.01175475237,5600.761775567662,5620.728358129272,412.20500724739395,513.2016741030384,585.3688167201472,5312.488198003848,5615.614802855998,5621.091872091638,28.0,462.9583242494846,529.6471933717839,589.8325698790723,0.7,40.0,11126.335927007352,5245.632691250648,5301.781526586274,5303.247579429299,12.0,149.01395325432532,164.04791977547575,166.29456983675482,3.5950743810392582
mid_l90,mid,90,mistral-7b-instruct-v0.2,CUCUMIS,CUCUMIS-2A100-RR,round_robin,2.0,2,real_split_workload_sequential_a100,2,5075.291062996257,5291.506090140319,5419.919155132084,405.7415657443926,534.7554044536082,576.9709771394264,5094.829139241483,5312.081940748612,5422.6677064507385,36.0,424.98158423404675,536.6004082461586,576.9911668205168,0.9,40.0,10657.705344971368,4933.644687771448,4986.42532772501,5002.107270897832,4.0,140.7205590076046,142.3555225977907,142.9037435495411,3.753153114051578
mid_l90,mid,90,mistral-7b-instruct-v0.2,CUCUMIS,CUCUMIS-2A100-LB,least_backlog,2.0,2,real_split_workload_sequential_a100,2,5283.529180727783,5845.0178460770985,6000.266037556285,449.00050599244423,586.3914424320683,693.7392022603308,5300.016580251395,5865.596314470167,6002.767648575536,36.0,466.79845750622917,590.481746243313,696.9924497199826,0.9,40.0,10994.133435523003,5012.129653987358,5446.756509901024,5612.293991037295,4.0,140.6084837508388,156.64886200102046,162.71478594571818,3.640837614716741
high_l10,high,10,mistral-7b-instruct-v0.2,CUCUMIS,CUCUMIS-2A100-RR,round_robin,2.0,2,real_split_workload_sequential_a100,2,4616.636673992616,4741.912597080227,5024.53973976837,140.87469925289042,201.52968681359224,503.84435838001076,4912.863357501919,5036.059038399253,5070.616934291902,4.0,403.1244937359588,515.3110070998082,549.7109532592003,0.1,40.0,8837.688256503436,4598.529893992236,4722.164796243305,4729.780577185738,36.0,140.7834625133546,143.5363245109329,173.07911464013154,4.526071280075543
high_l10,high,10,mistral-7b-instruct-v0.2,CUCUMIS,CUCUMIS-2A100-LB,least_backlog,2.0,2,real_split_workload_sequential_a100,2,4632.468846975826,4697.6367457042215,4987.91212953598,141.75022501149215,148.9386704750359,437.72524315398186,4880.467058741488,4988.237540327827,4989.21377270337,4.0,376.1592804949032,438.5851531929802,441.16488330997527,0.1,40.0,8921.730368488026,4630.301198747475,4688.89143425622,4697.181598303723,36.0,140.93595325539354,145.7199492433574,148.89034551888471,4.483435203719175
high_l30,high,30,mistral-7b-instruct-v0.2,CUCUMIS,CUCUMIS-2A100-RR,round_robin,2.0,2,real_split_workload_sequential_a100,2,4593.647348738159,5187.996996537549,5355.712846447423,140.2903907437576,504.24755334388465,582.8161431456101,5124.181121529546,5307.120067058713,5375.54850704124,12.0,487.92957299156114,530.597392571508,606.1768826437765,0.3,40.0,8814.568843480647,4554.349815502064,4883.145161837456,5094.488457679108,28.0,139.4549152610125,145.2453134523239,176.95969969790897,4.537951512818726
high_l30,high,30,mistral-7b-instruct-v0.2,CUCUMIS,CUCUMIS-2A100-LB,least_backlog,2.0,2,real_split_workload_sequential_a100,2,4909.62678300275,5148.043195702485,5455.865173121274,153.97054799541365,438.95585987193056,550.1550581678748,4918.2643647363875,5406.649091132567,5477.00937662652,12.0,430.4646344826324,534.0525090665324,556.5650833165273,0.3,40.0,9184.89807598873,4957.512041248265,5101.206939987605,5125.1312485925155,28.0,149.32170824613422,162.1030456502922,174.3988432266633,4.3589762853909875
high_l50,high,50,mistral-7b-instruct-v0.2,CUCUMIS,CUCUMIS-2A100-RR,round_robin,2.0,2,real_split_workload_sequential_a100,2,4886.137977489852,5228.765255524195,5448.112777209026,152.82807024777867,516.3349317532266,667.4095131314243,5037.4755564989755,5360.408616851782,5454.947015313082,20.0,439.6278579806676,603.092928204569,674.889709733834,0.5,40.0,9152.067063495308,4821.693513484206,4995.64001688268,5136.046255399415,20.0,141.212816524785,160.14246259583166,219.94132202788018,4.370622897321663
high_l50,high,50,mistral-7b-instruct-v0.2,CUCUMIS,CUCUMIS-2A100-LB,least_backlog,2.0,2,real_split_workload_sequential_a100,2,4967.953480008873,5292.137288599042,5412.9476724608685,150.35347001685295,515.8222665340874,628.0216494665365,5014.17230599327,5400.172410241794,5413.800427865644,20.0,433.4234347479651,572.9789169796277,632.6614848602912,0.5,40.0,9332.76219296644,4695.735837231041,5054.979022717453,5057.525294018851,20.0,143.06104824936483,149.642131163273,189.97053487546503,4.285976623115401
high_l70,high,70,mistral-7b-instruct-v0.2,CUCUMIS,CUCUMIS-2A100-RR,round_robin,2.0,2,real_split_workload_sequential_a100,2,5075.937668501865,5279.662530665519,5396.738527254784,327.6791777461767,513.0636544869049,655.0263243427617,5073.754978002398,5318.62810656603,5398.222124877502,28.0,423.12236726866104,545.7418331003282,664.3207217860618,0.7,40.0,9271.856985494052,5094.060763251036,5115.256056506769,5118.155572152755,12.0,141.88103174092248,150.11697754671331,181.6435047137202,4.31426673512533
high_l70,high,70,mistral-7b-instruct-v0.2,CUCUMIS,CUCUMIS-2A100-LB,least_backlog,2.0,2,real_split_workload_sequential_a100,2,5340.841049765004,5570.295829701354,5662.5127312931,185.55635400116444,585.475853268872,650.523617369181,5342.37605999806,5602.209193535964,5663.090197517886,28.0,446.617481240537,599.6261357795447,653.9069629486767,0.7,40.0,9496.522430005993,5299.022222257918,5346.52019997302,5347.174678618612,12.0,151.9245662348112,165.40920537081547,166.07507973327301,4.212068661908992
high_l90,high,90,mistral-7b-instruct-v0.2,CUCUMIS,CUCUMIS-2A100-RR,round_robin,2.0,2,real_split_workload_sequential_a100,2,5252.128469262971,5558.4886415163055,5697.196413856291,437.05044825037476,593.9709096419392,666.1052679599379,5252.128469262971,5567.825415520929,5700.095951255935,36.0,451.85528075671755,594.5568722527241,666.5581897614175,0.9,40.0,9353.591450026981,5240.389882266754,5362.581135996152,5363.557100939215,4.0,141.27501449547708,144.1977897833567,144.9468046083348,4.276435136845369
high_l90,high,90,mistral-7b-instruct-v0.2,CUCUMIS,CUCUMIS-2A100-LB,least_backlog,2.0,2,real_split_workload_sequential_a100,2,5464.736605019425,5936.612632311881,6059.672213323356,436.21875524695497,584.5218019501772,673.225590211805,5429.436095510027,5963.6858775047585,6062.45417616301,36.0,466.7451495042769,593.4648017573636,675.155941012781,0.9,40.0,9821.440716509498,5634.586121261236,5679.062189967954,5679.805837056192,4.0,154.04340178065468,160.16808834974654,160.36048507259693,4.072731919079145
mid_l10,mid,10,qwen2.5-7b-instruct,CUCUMIS,CUCUMIS-2A100-RR,round_robin,2.0,2,real_split_workload_sequential_a100,2,4478.892084749532,4625.909520938876,4792.365682646923,139.51150147477165,164.21021509449955,437.4117352333269,4400.035085505806,4755.634095138521,4882.360375643184,4.0,401.39186575834174,439.8741354147205,447.2613359589013,0.1,40.0,10272.840208503527,4563.222760494682,4625.314566263114,4628.966456565831,36.0,135.28951900661923,141.77411500713788,145.4054985952098,3.8937668879989156
mid_l10,mid,10,qwen2.5-7b-instruct,CUCUMIS,CUCUMIS-2A100-LB,least_backlog,2.0,2,real_split_workload_sequential_a100,2,4100.959704752313,4146.997805900173,4411.148605249764,125.28166300035082,154.70822597271788,421.81869587482646,4372.713080258109,4416.112843653536,4431.005558864854,4.0,381.03075450635515,427.39592193684075,444.12760012288345,0.1,40.0,9733.994969005334,4096.803880020161,4117.6129377417965,4128.304347165977,36.0,124.99769125133753,126.79484876571223,134.23759730067104,4.109310022827081
mid_l30,mid,30,qwen2.5-7b-instruct,CUCUMIS,CUCUMIS-2A100-RR,round_robin,2.0,2,real_split_workload_sequential_a100,2,4065.141364495503,4429.183222097345,4550.053417843301,125.02325102104805,387.7799254027195,506.0558998747728,4348.668389764498,4522.290375723969,4560.068856414873,12.0,324.88712524354924,449.71692731778603,530.451498364564,0.3,40.0,9691.435451021283,4050.0826939969556,4162.075140341767,4270.7308341233875,28.0,123.73321350605693,126.27538043598179,127.84236092033098,4.127361625459047
mid_l30,mid,30,qwen2.5-7b-instruct,CUCUMIS,CUCUMIS-2A100-LB,least_backlog,2.0,2,real_split_workload_sequential_a100,2,4127.771981497062,4396.739347462426,4455.75931887317,127.00323552417103,391.89723882009287,453.53866926336195,4373.570579249645,4448.773158949916,4458.4546373732155,12.0,380.75917700189166,450.0727358885342,455.00332575000357,0.3,40.0,9743.091527502162,4118.6607884883415,4138.574353622971,4145.377830246289,28.0,125.54948225442786,129.66872800025158,132.2436020913301,4.105473844646603
mid_l50,mid,50,qwen2.5-7b-instruct,CUCUMIS,CUCUMIS-2A100-RR,round_robin,2.0,2,real_split_workload_sequential_a100,2,4411.053252013517,4897.653098660521,5059.584304775053,147.27790650795214,453.53877503366675,597.793690530525,4689.528641014476,5020.8697713009315,5066.796934380836,20.0,375.7935972389532,527.3962483042851,611.5377151311258,0.5,40.0,10165.56247552075,4169.966540983296,4684.622172999661,4780.3549511305755,20.0,124.82714625366498,143.27869546541478,218.68385718553316,3.938453220027119
mid_l50,mid,50,qwen2.5-7b-instruct,CUCUMIS,CUCUMIS-2A100-LB,least_backlog,2.0,2,real_split_workload_sequential_a100,2,4380.060030496679,4695.734850689769,4858.392154309549,141.93770801648498,445.88153650111053,484.76286915130913,4570.059446225059,4797.231401744648,4871.733398514916,20.0,381.60687251365744,459.11000361666083,486.56150214839727,0.5,40.0,10300.474717476478,4188.295493469923,4434.489453074639,4473.83247590973,20.0,125.69688499206677,136.51288416294847,142.9286019736901,3.88414108277108
mid_l70,mid,70,qwen2.5-7b-instruct,CUCUMIS,CUCUMIS-2A100-RR,round_robin,2.0,2,real_split_workload_sequential_a100,2,4371.904249492218,4577.765255240956,4631.5722687519155,321.4281469990965,457.3598561109975,547.2462740770425,4480.550267748185,4603.062782099005,4632.795633294154,28.0,358.58487150107976,468.15297332650516,556.5938214407652,0.7,40.0,9978.124528496159,4323.563002006267,4377.3157507239375,4382.141890558996,12.0,124.73496474558488,127.87777903431561,130.83212914207252,4.008770486282057
mid_l70,mid,70,qwen2.5-7b-instruct,CUCUMIS,CUCUMIS-2A100-LB,least_backlog,2.0,2,real_split_workload_sequential_a100,2,4496.659345240914,5094.1340145946015,5236.244073791313,316.1272732395446,490.75581903452985,573.7275874288753,4543.626357481116,5102.296078755171,5237.34999601671,28.0,373.6906692502089,494.7851691249525,580.2785679139197,0.7,40.0,10335.74879297316,4259.276462733396,4884.289431668003,4885.498460381932,12.0,125.5530315102078,140.0081900123041,140.74077713914448,3.8700763788743293
mid_l90,mid,90,qwen2.5-7b-instruct,CUCUMIS,CUCUMIS-2A100-RR,round_robin,2.0,2,real_split_workload_sequential_a100,2,4606.1798539885785,4816.155431611696,4933.5126003396,344.284841499757,481.5768986067269,528.5869880189421,4615.181684741401,4827.260785998078,4935.317878916976,36.0,366.46640648541506,484.1654330084566,529.1310349392006,0.9,40.0,10172.903673481502,4485.47777022759,4590.4186133353505,4600.099551226012,4.0,129.38781574484892,137.17941904324107,138.95764483546373,3.933045484482948
mid_l90,mid,90,qwen2.5-7b-instruct,CUCUMIS,CUCUMIS-2A100-LB,least_backlog,2.0,2,real_split_workload_sequential_a100,2,4506.739269767422,4770.804151636548,4890.942652922822,346.7273997521261,470.48956310609356,549.2782863852335,4516.500283483765,4774.171754252166,4892.118392622797,36.0,376.7938014934771,471.7410035082139,551.0213690664386,0.9,40.0,10121.426082520378,4337.437922251411,4479.431931010913,4533.971295167576,4.0,123.30246000783518,126.27214488165919,127.17048092541518,3.9520124711471496
high_l10,high,10,qwen2.5-7b-instruct,CUCUMIS,CUCUMIS-2A100-RR,round_robin,2.0,2,real_split_workload_sequential_a100,2,4450.282683261321,4650.232495152159,4950.969603364938,132.99855947843753,172.4337019230009,459.2155547512811,4863.28230224899,4963.364044897025,5000.547369493288,4.0,372.82713552122004,471.04272411961574,506.5242322246195,0.1,40.0,8841.045883970783,4110.839826738811,4645.5157592572505,4650.644646745059,36.0,126.71010650228709,142.90932373842224,149.53875923674786,4.524351595172789
high_l10,high,10,qwen2.5-7b-instruct,CUCUMIS,CUCUMIS-2A100-LB,least_backlog,2.0,2,real_split_workload_sequential_a100,2,4111.637462730869,4238.397945190081,4476.872467154753,125.49107903032564,144.71017085015785,424.4898895776714,4368.226416510879,4483.591046847869,4503.746785927215,4.0,365.4562555166194,427.67728709441144,437.2394796446315,0.1,40.0,8328.760090499538,4110.51937751472,4175.099966276321,4247.196986664494,36.0,125.33334849285893,134.0524075058056,136.4165230508661,4.802636148477574
high_l30,high,30,qwen2.5-7b-instruct,CUCUMIS,CUCUMIS-2A100-RR,round_robin,2.0,2,real_split_workload_sequential_a100,2,4448.916249224567,5095.591520538437,5237.278119689436,133.71454174921382,473.0939316796139,499.8726241319673,5017.3220607684925,5187.0641927002,5256.608773547341,12.0,443.5257462610025,492.37539780151565,502.68051215971354,0.3,40.0,8827.468355469155,4100.380034768023,4808.001449808944,4983.213550295623,28.0,125.68475777516142,142.31804324081168,154.92428571596975,4.5313151119625985
high_l30,high,30,qwen2.5-7b-instruct,CUCUMIS,CUCUMIS-2A100-LB,least_backlog,2.0,2,real_split_workload_sequential_a100,2,4161.287312002969,4428.928907297086,4481.150738986325,128.48581426078454,394.14334030298056,453.76758307334967,4405.640547993244,4477.229530972545,4482.051411755965,12.0,366.7687405250035,452.14380015677307,454.2847871698905,0.3,40.0,8371.703752493742,4150.052288241568,4177.01417429198,4182.29943207989,28.0,127.19854224997107,131.85782111540902,133.8079935219139,4.778000059386089
high_l50,high,50,qwen2.5-7b-instruct,CUCUMIS,CUCUMIS-2A100-RR,round_robin,2.0,2,real_split_workload_sequential_a100,2,4320.748541227658,4638.498803917901,4765.744727926212,149.1155094699934,458.22260148997884,572.9767017028644,4493.709232730907,4687.861768010771,4789.520540525555,20.0,351.11221826809924,506.4212067372864,588.3371116031775,0.5,40.0,8563.381819968465,4262.27699276933,4431.705495424103,4495.623562796391,20.0,125.27749750006478,160.33013909764125,264.72012341517245,4.671186197629501
high_l50,high,50,qwen2.5-7b-instruct,CUCUMIS,CUCUMIS-2A100-LB,least_backlog,2.0,2,real_split_workload_sequential_a100,2,4274.044749501627,4472.0826479111565,4580.2305815625,134.9227187311044,446.212769910926,521.596902202873,4353.492789494339,4538.722507428611,4589.250690757763,20.0,351.8190342729213,467.10913214483304,528.8572539066081,0.5,40.0,8522.50071549218,4215.815767500317,4283.506160893012,4286.541118635796,20.0,125.985018996289,132.11416109697893,152.2973517028731,4.6937106568598725
high_l70,high,70,qwen2.5-7b-instruct,CUCUMIS,CUCUMIS-2A100-RR,round_robin,2.0,2,real_split_workload_sequential_a100,2,4396.48687375302,4613.735428903601,4733.5741926773335,319.3549264833564,443.532168425736,520.870301691757,4470.950714763603,4639.236522547435,4748.212442780787,28.0,358.6940687382594,472.59864865627605,522.5742260945844,0.7,40.0,8590.806582974294,4316.041583006154,4408.394982630853,4415.315513593378,12.0,123.72176448116079,130.26319724158384,176.72961653355745,4.656141527614565
high_l70,high,70,qwen2.5-7b-instruct,CUCUMIS,CUCUMIS-2A100-LB,least_backlog,2.0,2,real_split_workload_sequential_a100,2,4566.763001261279,4719.0850089042215,4948.449810025631,323.95662876660936,468.3878272626316,556.724416083598,4609.344162003254,4797.534208631259,4950.419582786853,28.0,373.53450775844976,502.73473875713535,561.1921800600248,0.7,40.0,8660.823449029378,4451.83070722851,4630.514656956075,4632.176843041088,12.0,129.43612325761933,135.8338569989428,138.47198296745773,4.61850374025366
high_l90,high,90,qwen2.5-7b-instruct,CUCUMIS,CUCUMIS-2A100-RR,round_robin,2.0,2,real_split_workload_sequential_a100,2,4556.259472519741,4826.016053187777,4915.984103693045,338.4602465230273,508.77273917139973,577.8148721877369,4559.074662771309,4829.39417999296,4917.101548492792,36.0,368.15049349388573,517.5997277692659,579.5585505300551,0.9,40.0,8639.273906496801,4578.743798992946,4636.269726432511,4637.627412919246,4.0,123.05518773791846,123.98617883736733,124.29954367136816,4.6300316338309875
high_l90,high,90,qwen2.5-7b-instruct,CUCUMIS,CUCUMIS-2A100-LB,least_backlog,2.0,2,real_split_workload_sequential_a100,2,4739.878490247065,5161.594916292233,5271.6205927339615,359.2148530005943,489.31094305589806,618.807561188296,4723.060981006711,5184.250495483866,5274.625611273223,36.0,382.58122399565764,518.7983992509544,620.5471091685467,0.9,40.0,9109.534610996745,4902.3315950034885,4941.192786715692,4941.782766683609,4.0,132.5715412531281,141.38937366369646,141.92268833314301,4.391060837597821
